county_fips,county_name,state_abbr,zone,temp_zone,moisture_regime
02013,Aleutians East,AK,7,7,
02016,Aleutians West,AK,7,7,
02020,Anchorage,AK,7,7,
02050,Bethel,AK,8,8,
02060,Bristol Bay,AK,7,7,
02068,Denali,AK,7,7,
02070,Dillingham,AK,8,8,
02090,Fairbanks North Star,AK,8,8,
02100,Haines,AK,7,7,
02105,Hoonah-Angoon,AK,7,7,
02110,Juneau,AK,7,7,
02122,Kenai Peninsula,AK,7,7,
02130,Ketchikan Gateway,AK,7,7,
02150,Kodiak Island,AK,7,7,
02158,Kusilvak,AK,8,8,
02164,Lake and Peninsula,AK,7,7,
02170,Matanuska-Susitna,AK,7,7,
02180,Nome,AK,8,8,
02185,North Slope,AK,8,8,
02188,Northwest Arctic,AK,8,8,
02195,Petersburg,AK,7,7,
02198,Prince of Wales-Hyder,AK,7,7,
02220,Sitka,AK,7,7,
02230,Skagway,AK,7,7,
02240,Southeast Fairbanks,AK,8,8,
02261,Valdez-Cordova,AK,7,7,
02275,Wrangell,AK,7,7,
02282,Yakutat,AK,7,7,
02290,Yukon-Koyukuk,AK,8,8,
01001,Autauga,AL,3A,3,A
01003,Baldwin,AL,2A,2,A
01005,Barbour,AL,3A,3,A
01007,Bibb,AL,3A,3,A
01009,Blount,AL,3A,3,A
01011,Bullock,AL,3A,3,A
01013,Butler,AL,3A,3,A
01015,Calhoun,AL,3A,3,A
01017,Chambers,AL,3A,3,A
01019,Cherokee,AL,3A,3,A
01021,Chilton,AL,3A,3,A
01023,Choctaw,AL,3A,3,A
01025,Clarke,AL,3A,3,A
01027,Clay,AL,3A,3,A
01029,Cleburne,AL,3A,3,A
01031,Coffee,AL,3A,3,A
01033,Colbert,AL,3A,3,A
01035,Conecuh,AL,3A,3,A
01037,Coosa,AL,3A,3,A
01039,Covington,AL,3A,3,A
01041,Crenshaw,AL,3A,3,A
01043,Cullman,AL,3A,3,A
01045,Dale,AL,3A,3,A
01047,Dallas,AL,3A,3,A
01049,DeKalb,AL,3A,3,A
01051,Elmore,AL,3A,3,A
01053,Escambia,AL,3A,3,A
01055,Etowah,AL,3A,3,A
01057,Fayette,AL,3A,3,A
01059,Franklin,AL,3A,3,A
01061,Geneva,AL,3A,3,A
01063,Greene,AL,3A,3,A
01065,Hale,AL,3A,3,A
01067,Henry,AL,3A,3,A
01069,Houston,AL,3A,3,A
01071,Jackson,AL,3A,3,A
01073,Jefferson,AL,3A,3,A
01075,Lamar,AL,3A,3,A
01077,Lauderdale,AL,3A,3,A
01079,Lawrence,AL,3A,3,A
01081,Lee,AL,3A,3,A
01083,Limestone,AL,3A,3,A
01085,Lowndes,AL,3A,3,A
01087,Macon,AL,3A,3,A
01089,Madison,AL,3A,3,A
01091,Marengo,AL,3A,3,A
01093,Marion,AL,3A,3,A
01095,Marshall,AL,3A,3,A
01097,Mobile,AL,2A,2,A
01099,Monroe,AL,3A,3,A
01101,Montgomery,AL,3A,3,A
01103,Morgan,AL,3A,3,A
01105,Perry,AL,3A,3,A
01107,Pickens,AL,3A,3,A
01109,Pike,AL,3A,3,A
01111,Randolph,AL,3A,3,A
01113,Russell,AL,3A,3,A
01117,Shelby,AL,3A,3,A
01115,St. Clair,AL,3A,3,A
01119,Sumter,AL,3A,3,A
01121,Talladega,AL,3A,3,A
01123,Tallapoosa,AL,3A,3,A
01125,Tuscaloosa,AL,3A,3,A
01127,Walker,AL,3A,3,A
01129,Washington,AL,3A,3,A
01131,Wilcox,AL,3A,3,A
01133,Winston,AL,3A,3,A
05001,Arkansas,AR,3A,3,A
05003,Ashley,AR,3A,3,A
05005,Baxter,AR,4A,4,A
05007,Benton,AR,4A,4,A
05009,Boone,AR,4A,4,A
05011,Bradley,AR,3A,3,A
05013,Calhoun,AR,3A,3,A
05015,Carroll,AR,4A,4,A
05017,Chicot,AR,3A,3,A
05019,Clark,AR,3A,3,A
05021,Clay,AR,3A,3,A
05023,Cleburne,AR,3A,3,A
05025,Cleveland,AR,3A,3,A
05027,Columbia,AR,3A,3,A
05029,Conway,AR,3A,3,A
05031,Craighead,AR,3A,3,A
05033,Crawford,AR,3A,3,A
05035,Crittenden,AR,3A,3,A
05037,Cross,AR,3A,3,A
05039,Dallas,AR,3A,3,A
05041,Desha,AR,3A,3,A
05043,Drew,AR,3A,3,A
05045,Faulkner,AR,3A,3,A
05047,Franklin,AR,3A,3,A
05049,Fulton,AR,4A,4,A
05051,Garland,AR,3A,3,A
05053,Grant,AR,3A,3,A
05055,Greene,AR,3A,3,A
05057,Hempstead,AR,3A,3,A
05059,Hot Spring,AR,3A,3,A
05061,Howard,AR,3A,3,A
05063,Independence,AR,3A,3,A
05065,Izard,AR,4A,4,A
05067,Jackson,AR,3A,3,A
05069,Jefferson,AR,3A,3,A
05071,Johnson,AR,3A,3,A
05073,Lafayette,AR,3A,3,A
05075,Lawrence,AR,3A,3,A
05077,Lee,AR,3A,3,A
05079,Lincoln,AR,3A,3,A
05081,Little River,AR,3A,3,A
05083,Logan,AR,3A,3,A
05085,Lonoke,AR,3A,3,A
05087,Madison,AR,4A,4,A
05089,Marion,AR,4A,4,A
05091,Miller,AR,3A,3,A
05093,Mississippi,AR,3A,3,A
05095,Monroe,AR,3A,3,A
05097,Montgomery,AR,3A,3,A
05099,Nevada,AR,3A,3,A
05101,Newton,AR,4A,4,A
05103,Ouachita,AR,3A,3,A
05105,Perry,AR,3A,3,A
05107,Phillips,AR,3A,3,A
05109,Pike,AR,3A,3,A
05111,Poinsett,AR,3A,3,A
05113,Polk,AR,3A,3,A
05115,Pope,AR,3A,3,A
05117,Prairie,AR,3A,3,A
05119,Pulaski,AR,3A,3,A
05121,Randolph,AR,3A,3,A
05125,Saline,AR,3A,3,A
05127,Scott,AR,3A,3,A
05129,Searcy,AR,4A,4,A
05131,Sebastian,AR,3A,3,A
05133,Sevier,AR,3A,3,A
05135,Sharp,AR,3A,3,A
05123,St. Francis,AR,3A,3,A
05137,Stone,AR,4A,4,A
05139,Union,AR,3A,3,A
05141,Van Buren,AR,3A,3,A
05143,Washington,AR,4A,4,A
05145,White,AR,3A,3,A
05147,Woodruff,AR,3A,3,A
05149,Yell,AR,3A,3,A
60010,Eastern District,AS,1A,1,A
60020,Manu'a District,AS,1A,1,A
60030,Rose Island,AS,1A,1,A
60040,Swains Island,AS,1A,1,A
60050,Western District,AS,1A,1,A
04001,Apache,AZ,5B,5,B
04003,Cochise,AZ,3B,3,B
04005,Coconino,AZ,5B,5,B
04007,Gila,AZ,4B,4,B
04009,Graham,AZ,3B,3,B
04011,Greenlee,AZ,3B,3,B
04012,La Paz,AZ,2B,2,B
04013,Maricopa,AZ,2B,2,B
04015,Mohave,AZ,3B,3,B
04017,Navajo,AZ,5B,5,B
04019,Pima,AZ,2B,2,B
04021,Pinal,AZ,2B,2,B
04023,Santa Cruz,AZ,3B,3,B
04025,Yavapai,AZ,4B,4,B
04027,Yuma,AZ,2B,2,B
06001,Alameda,CA,3C,3,C
06003,Alpine,CA,6B,6,B
06005,Amador,CA,4B,4,B
06007,Butte,CA,3B,3,B
06009,Calaveras,CA,4B,4,B
06011,Colusa,CA,3B,3,B
06013,Contra Costa,CA,3B,3,B
06015,Del Norte,CA,4C,4,C
06017,El Dorado,CA,4B,4,B
06019,Fresno,CA,3B,3,B
06021,Glenn,CA,3B,3,B
06023,Humboldt,CA,4C,4,C
06025,Imperial,CA,2B,2,B
06027,Inyo,CA,4B,4,B
06029,Kern,CA,3B,3,B
06031,Kings,CA,3B,3,B
06033,Lake,CA,4B,4,B
06035,Lassen,CA,5B,5,B
06037,Los Angeles,CA,3B,3,B
06039,Madera,CA,3B,3,B
06041,Marin,CA,3C,3,C
06043,Mariposa,CA,4B,4,B
06045,Mendocino,CA,3C,3,C
06047,Merced,CA,3B,3,B
06049,Modoc,CA,5B,5,B
06051,Mono,CA,6B,6,B
06053,Monterey,CA,3C,3,C
06055,Napa,CA,3C,3,C
06057,Nevada,CA,5B,5,B
06059,Orange,CA,3B,3,B
06061,Placer,CA,3B,3,B
06063,Plumas,CA,5B,5,B
06065,Riverside,CA,3B,3,B
06067,Sacramento,CA,3B,3,B
06069,San Benito,CA,3C,3,C
06071,San Bernardino,CA,3B,3,B
06073,San Diego,CA,3B,3,B
06075,San Francisco,CA,3C,3,C
06077,San Joaquin,CA,3B,3,B
06079,San Luis Obispo,CA,3C,3,C
06081,San Mateo,CA,3C,3,C
06083,Santa Barbara,CA,3C,3,C
06085,Santa Clara,CA,3C,3,C
06087,Santa Cruz,CA,3C,3,C
06089,Shasta,CA,3B,3,B
06091,Sierra,CA,5B,5,B
06093,Siskiyou,CA,5B,5,B
06095,Solano,CA,3B,3,B
06097,Sonoma,CA,3C,3,C
06099,Stanislaus,CA,3B,3,B
06101,Sutter,CA,3B,3,B
06103,Tehama,CA,3B,3,B
06105,Trinity,CA,4B,4,B
06107,Tulare,CA,3B,3,B
06109,Tuolumne,CA,4B,4,B
06111,Ventura,CA,3C,3,C
06113,Yolo,CA,3B,3,B
06115,Yuba,CA,3B,3,B
08001,Adams,CO,5B,5,B
08003,Alamosa,CO,6B,6,B
08005,Arapahoe,CO,5B,5,B
08007,Archuleta,CO,6B,6,B
08009,Baca,CO,4B,4,B
08011,Bent,CO,5B,5,B
08013,Boulder,CO,5B,5,B
08014,Broomfield,CO,5B,5,B
08015,Chaffee,CO,6B,6,B
08017,Cheyenne,CO,5B,5,B
08019,Clear Creek,CO,7,7,
08021,Conejos,CO,6B,6,B
08023,Costilla,CO,6B,6,B
08025,Crowley,CO,5B,5,B
08027,Custer,CO,6B,6,B
08029,Delta,CO,5B,5,B
08031,Denver,CO,5B,5,B
08033,Dolores,CO,6B,6,B
08035,Douglas,CO,5B,5,B
08037,Eagle,CO,6B,6,B
08041,El Paso,CO,5B,5,B
08039,Elbert,CO,5B,5,B
08043,Fremont,CO,5B,5,B
08045,Garfield,CO,5B,5,B
08047,Gilpin,CO,5B,5,B
08049,Grand,CO,7,7,
08051,Gunnison,CO,7,7,
08053,Hinsdale,CO,7,7,
08055,Huerfano,CO,5B,5,B
08057,Jackson,CO,7,7,
08059,Jefferson,CO,5B,5,B
08061,Kiowa,CO,5B,5,B
08063,Kit Carson,CO,5B,5,B
08067,La Plata,CO,5B,5,B
08065,Lake,CO,7,7,
08069,Larimer,CO,5B,5,B
08071,Las Animas,CO,4B,4,B
08073,Lincoln,CO,5B,5,B
08075,Logan,CO,5B,5,B
08077,Mesa,CO,5B,5,B
08079,Mineral,CO,7,7,
08081,Moffat,CO,6B,6,B
08083,Montezuma,CO,5B,5,B
08085,Montrose,CO,5B,5,B
08087,Morgan,CO,5B,5,B
08089,Otero,CO,4B,4,B
08091,Ouray,CO,6B,6,B
08093,Park,CO,7,7,
08095,Phillips,CO,5B,5,B
08097,Pitkin,CO,7,7,
08099,Prowers,CO,5B,5,B
08101,Pueblo,CO,5B,5,B
08103,Rio Blanco,CO,6B,6,B
08105,Rio Grande,CO,7,7,
08107,Routt,CO,7,7,
08109,Saguache,CO,6B,6,B
08111,San Juan,CO,7,7,
08113,San Miguel,CO,6B,6,B
08115,Sedgwick,CO,5B,5,B
08117,Summit,CO,7,7,
08119,Teller,CO,5B,5,B
08121,Washington,CO,5B,5,B
08123,Weld,CO,5B,5,B
08125,Yuma,CO,5B,5,B
09001,Fairfield,CT,5A,5,A
09003,Hartford,CT,5A,5,A
09005,Litchfield,CT,5A,5,A
09007,Middlesex,CT,5A,5,A
09009,New Haven,CT,5A,5,A
09011,New London,CT,5A,5,A
09013,Tolland,CT,5A,5,A
09015,Windham,CT,5A,5,A
11001,District of Columbia,DC,4A,4,A
10001,Kent,DE,4A,4,A
10003,New Castle,DE,4A,4,A
10005,Sussex,DE,4A,4,A
12001,Alachua,FL,2A,2,A
12003,Baker,FL,2A,2,A
12005,Bay,FL,2A,2,A
12007,Bradford,FL,2A,2,A
12009,Brevard,FL,2A,2,A
12011,Broward,FL,1A,1,A
12013,Calhoun,FL,2A,2,A
12015,Charlotte,FL,2A,2,A
12017,Citrus,FL,2A,2,A
12019,Clay,FL,2A,2,A
12021,Collier,FL,2A,2,A
12023,Columbia,FL,2A,2,A
12027,DeSoto,FL,2A,2,A
12029,Dixie,FL,2A,2,A
12031,Duval,FL,2A,2,A
12033,Escambia,FL,2A,2,A
12035,Flagler,FL,2A,2,A
12037,Franklin,FL,2A,2,A
12039,Gadsden,FL,2A,2,A
12041,Gilchrist,FL,2A,2,A
12043,Glades,FL,2A,2,A
12045,Gulf,FL,2A,2,A
12047,Hamilton,FL,2A,2,A
12049,Hardee,FL,2A,2,A
12051,Hendry,FL,2A,2,A
12053,Hernando,FL,2A,2,A
12055,Highlands,FL,2A,2,A
12057,Hillsborough,FL,2A,2,A
12059,Holmes,FL,2A,2,A
12061,Indian River,FL,2A,2,A
12063,Jackson,FL,2A,2,A
12065,Jefferson,FL,2A,2,A
12067,Lafayette,FL,2A,2,A
12069,Lake,FL,2A,2,A
12071,Lee,FL,2A,2,A
12073,Leon,FL,2A,2,A
12075,Levy,FL,2A,2,A
12077,Liberty,FL,2A,2,A
12079,Madison,FL,2A,2,A
12081,Manatee,FL,2A,2,A
12083,Marion,FL,2A,2,A
12085,Martin,FL,2A,2,A
12086,Miami-Dade,FL,1A,1,A
12087,Monroe,FL,1A,1,A
12089,Nassau,FL,2A,2,A
12091,Okaloosa,FL,2A,2,A
12093,Okeechobee,FL,2A,2,A
12095,Orange,FL,2A,2,A
12097,Osceola,FL,2A,2,A
12099,Palm Beach,FL,2A,2,A
12101,Pasco,FL,2A,2,A
12103,Pinellas,FL,2A,2,A
12105,Polk,FL,2A,2,A
12107,Putnam,FL,2A,2,A
12113,Santa Rosa,FL,2A,2,A
12115,Sarasota,FL,2A,2,A
12117,Seminole,FL,2A,2,A
12109,St. Johns,FL,2A,2,A
12111,St. Lucie,FL,2A,2,A
12119,Sumter,FL,2A,2,A
12121,Suwannee,FL,2A,2,A
12123,Taylor,FL,2A,2,A
12125,Union,FL,2A,2,A
12127,Volusia,FL,2A,2,A
12129,Wakulla,FL,2A,2,A
12131,Walton,FL,2A,2,A
12133,Washington,FL,2A,2,A
13001,Appling,GA,2A,2,A
13003,Atkinson,GA,2A,2,A
13005,Bacon,GA,2A,2,A
13007,Baker,GA,2A,2,A
13009,Baldwin,GA,3A,3,A
13011,Banks,GA,4A,4,A
13013,Barrow,GA,3A,3,A
13015,Bartow,GA,3A,3,A
13017,Ben Hill,GA,3A,3,A
13019,Berrien,GA,2A,2,A
13021,Bibb,GA,3A,3,A
13023,Bleckley,GA,3A,3,A
13025,Brantley,GA,2A,2,A
13027,Brooks,GA,2A,2,A
13029,Bryan,GA,2A,2,A
13031,Bulloch,GA,3A,3,A
13033,Burke,GA,3A,3,A
13035,Butts,GA,3A,3,A
13037,Calhoun,GA,3A,3,A
13039,Camden,GA,2A,2,A
13043,Candler,GA,3A,3,A
13045,Carroll,GA,3A,3,A
13047,Catoosa,GA,4A,4,A
13049,Charlton,GA,2A,2,A
13051,Chatham,GA,2A,2,A
13053,Chattahoochee,GA,3A,3,A
13055,Chattooga,GA,4A,4,A
13057,Cherokee,GA,3A,3,A
13059,Clarke,GA,3A,3,A
13061,Clay,GA,3A,3,A
13063,Clayton,GA,3A,3,A
13065,Clinch,GA,2A,2,A
13067,Cobb,GA,3A,3,A
13069,Coffee,GA,3A,3,A
13071,Colquitt,GA,2A,2,A
13073,Columbia,GA,3A,3,A
13075,Cook,GA,2A,2,A
13077,Coweta,GA,3A,3,A
13079,Crawford,GA,3A,3,A
13081,Crisp,GA,3A,3,A
13083,Dade,GA,4A,4,A
13085,Dawson,GA,4A,4,A
13087,Decatur,GA,2A,2,A
13089,DeKalb,GA,3A,3,A
13091,Dodge,GA,3A,3,A
13093,Dooly,GA,3A,3,A
13095,Dougherty,GA,3A,3,A
13097,Douglas,GA,3A,3,A
13099,Early,GA,3A,3,A
13101,Echols,GA,2A,2,A
13103,Effingham,GA,2A,2,A
13105,Elbert,GA,3A,3,A
13107,Emanuel,GA,3A,3,A
13109,Evans,GA,2A,2,A
13111,Fannin,GA,4A,4,A
13113,Fayette,GA,3A,3,A
13115,Floyd,GA,4A,4,A
13117,Forsyth,GA,3A,3,A
13119,Franklin,GA,4A,4,A
13121,Fulton,GA,3A,3,A
13123,Gilmer,GA,4A,4,A
13125,Glascock,GA,3A,3,A
13127,Glynn,GA,2A,2,A
13129,Gordon,GA,4A,4,A
13131,Grady,GA,2A,2,A
13133,Greene,GA,3A,3,A
13135,Gwinnett,GA,3A,3,A
13137,Habersham,GA,4A,4,A
13139,Hall,GA,4A,4,A
13141,Hancock,GA,3A,3,A
13143,Haralson,GA,3A,3,A
13145,Harris,GA,3A,3,A
13147,Hart,GA,3A,3,A
13149,Heard,GA,3A,3,A
13151,Henry,GA,3A,3,A
13153,Houston,GA,3A,3,A
13155,Irwin,GA,3A,3,A
13157,Jackson,GA,3A,3,A
13159,Jasper,GA,3A,3,A
13161,Jeff Davis,GA,2A,2,A
13163,Jefferson,GA,3A,3,A
13165,Jenkins,GA,3A,3,A
13167,Johnson,GA,3A,3,A
13169,Jones,GA,3A,3,A
13171,Lamar,GA,3A,3,A
13173,Lanier,GA,2A,2,A
13175,Laurens,GA,3A,3,A
13177,Lee,GA,3A,3,A
13179,Liberty,GA,2A,2,A
13181,Lincoln,GA,3A,3,A
13183,Long,GA,2A,2,A
13185,Lowndes,GA,2A,2,A
13187,Lumpkin,GA,4A,4,A
13193,Macon,GA,3A,3,A
13195,Madison,GA,3A,3,A
13197,Marion,GA,3A,3,A
13189,McDuffie,GA,3A,3,A
13191,McIntosh,GA,2A,2,A
13199,Meriwether,GA,3A,3,A
13201,Miller,GA,2A,2,A
13205,Mitchell,GA,2A,2,A
13207,Monroe,GA,3A,3,A
13209,Montgomery,GA,3A,3,A
13211,Morgan,GA,3A,3,A
13213,Murray,GA,4A,4,A
13215,Muscogee,GA,3A,3,A
13217,Newton,GA,3A,3,A
13219,Oconee,GA,3A,3,A
13221,Oglethorpe,GA,3A,3,A
13223,Paulding,GA,3A,3,A
13225,Peach,GA,3A,3,A
13227,Pickens,GA,4A,4,A
13229,Pierce,GA,2A,2,A
13231,Pike,GA,3A,3,A
13233,Polk,GA,3A,3,A
13235,Pulaski,GA,3A,3,A
13237,Putnam,GA,3A,3,A
13239,Quitman,GA,3A,3,A
13241,Rabun,GA,4A,4,A
13243,Randolph,GA,3A,3,A
13245,Richmond,GA,3A,3,A
13247,Rockdale,GA,3A,3,A
13249,Schley,GA,3A,3,A
13251,Screven,GA,3A,3,A
13253,Seminole,GA,2A,2,A
13255,Spalding,GA,3A,3,A
13257,Stephens,GA,4A,4,A
13259,Stewart,GA,3A,3,A
13261,Sumter,GA,3A,3,A
13263,Talbot,GA,3A,3,A
13265,Taliaferro,GA,3A,3,A
13267,Tattnall,GA,2A,2,A
13269,Taylor,GA,3A,3,A
13271,Telfair,GA,3A,3,A
13273,Terrell,GA,3A,3,A
13275,Thomas,GA,2A,2,A
13277,Tift,GA,3A,3,A
13279,Toombs,GA,2A,2,A
13281,Towns,GA,4A,4,A
13283,Treutlen,GA,3A,3,A
13285,Troup,GA,3A,3,A
13287,Turner,GA,3A,3,A
13289,Twiggs,GA,3A,3,A
13291,Union,GA,4A,4,A
13293,Upson,GA,3A,3,A
13295,Walker,GA,4A,4,A
13297,Walton,GA,3A,3,A
13299,Ware,GA,2A,2,A
13301,Warren,GA,3A,3,A
13303,Washington,GA,3A,3,A
13305,Wayne,GA,2A,2,A
13307,Webster,GA,3A,3,A
13309,Wheeler,GA,3A,3,A
13311,White,GA,4A,4,A
13313,Whitfield,GA,4A,4,A
13315,Wilcox,GA,3A,3,A
13317,Wilkes,GA,3A,3,A
13319,Wilkinson,GA,3A,3,A
13321,Worth,GA,3A,3,A
66010,Guam,GU,1A,1,A
15001,Hawaii,HI,1A,1,A
15003,Honolulu,HI,1A,1,A
15005,Kalawao,HI,1A,1,A
15007,Kauai,HI,1A,1,A
15009,Maui,HI,1A,1,A
19001,Adair,IA,5A,5,A
19003,Adams,IA,5A,5,A
19005,Allamakee,IA,6A,6,A
19007,Appanoose,IA,5A,5,A
19009,Audubon,IA,5A,5,A
19011,Benton,IA,5A,5,A
19013,Black Hawk,IA,6A,6,A
19015,Boone,IA,5A,5,A
19017,Bremer,IA,6A,6,A
19019,Buchanan,IA,6A,6,A
19021,Buena Vista,IA,6A,6,A
19023,Butler,IA,6A,6,A
19025,Calhoun,IA,6A,6,A
19027,Carroll,IA,5A,5,A
19029,Cass,IA,5A,5,A
19031,Cedar,IA,5A,5,A
19033,Cerro Gordo,IA,6A,6,A
19035,Cherokee,IA,6A,6,A
19037,Chickasaw,IA,6A,6,A
19039,Clarke,IA,5A,5,A
19041,Clay,IA,6A,6,A
19043,Clayton,IA,6A,6,A
19045,Clinton,IA,5A,5,A
19047,Crawford,IA,6A,6,A
19049,Dallas,IA,5A,5,A
19051,Davis,IA,5A,5,A
19053,Decatur,IA,5A,5,A
19055,Delaware,IA,6A,6,A
19057,Des Moines,IA,5A,5,A
19059,Dickinson,IA,6A,6,A
19061,Dubuque,IA,5A,5,A
19063,Emmet,IA,6A,6,A
19065,Fayette,IA,6A,6,A
19067,Floyd,IA,6A,6,A
19069,Franklin,IA,6A,6,A
19071,Fremont,IA,5A,5,A
19073,Greene,IA,5A,5,A
19075,Grundy,IA,6A,6,A
19077,Guthrie,IA,5A,5,A
19079,Hamilton,IA,6A,6,A
19081,Hancock,IA,6A,6,A
19083,Hardin,IA,6A,6,A
19085,Harrison,IA,5A,5,A
19087,Henry,IA,5A,5,A
19089,Howard,IA,6A,6,A
19091,Humboldt,IA,6A,6,A
19093,Ida,IA,6A,6,A
19095,Iowa,IA,5A,5,A
19097,Jackson,IA,5A,5,A
19099,Jasper,IA,5A,5,A
19101,Jefferson,IA,5A,5,A
19103,Johnson,IA,5A,5,A
19105,Jones,IA,5A,5,A
19107,Keokuk,IA,5A,5,A
19109,Kossuth,IA,6A,6,A
19111,Lee,IA,5A,5,A
19113,Linn,IA,5A,5,A
19115,Louisa,IA,5A,5,A
19117,Lucas,IA,5A,5,A
19119,Lyon,IA,6A,6,A
19121,Madison,IA,5A,5,A
19123,Mahaska,IA,5A,5,A
19125,Marion,IA,5A,5,A
19127,Marshall,IA,5A,5,A
19129,Mills,IA,5A,5,A
19131,Mitchell,IA,6A,6,A
19133,Monona,IA,5A,5,A
19135,Monroe,IA,5A,5,A
19137,Montgomery,IA,5A,5,A
19139,Muscatine,IA,5A,5,A
19141,O'Brien,IA,6A,6,A
19143,Osceola,IA,6A,6,A
19145,Page,IA,5A,5,A
19147,Palo Alto,IA,6A,6,A
19149,Plymouth,IA,6A,6,A
19151,Pocahontas,IA,6A,6,A
19153,Polk County,IA,5A,5,A
19155,Pottawattamie,IA,5A,5,A
19157,Poweshiek,IA,5A,5,A
19159,Ringgold,IA,5A,5,A
19161,Sac,IA,6A,6,A
19163,Scott,IA,5A,5,A
19165,Shelby,IA,5A,5,A
19167,Sioux,IA,6A,6,A
19169,Story,IA,5A,5,A
19171,Tama,IA,5A,5,A
19173,Taylor,IA,5A,5,A
19175,Union,IA,5A,5,A
19177,Van Buren,IA,5A,5,A
19179,Wapello,IA,5A,5,A
19181,Warren,IA,5A,5,A
19183,Washington,IA,5A,5,A
19185,Wayne,IA,5A,5,A
19187,Webster,IA,6A,6,A
19189,Winnebago,IA,6A,6,A
19191,Winneshiek,IA,6A,6,A
19193,Woodbury,IA,5A,5,A
19195,Worth,IA,6A,6,A
19197,Wright,IA,6A,6,A
16001,Ada,ID,5B,5,B
16003,Adams,ID,6B,6,B
16005,Bannock,ID,6B,6,B
16007,Bear Lake,ID,6B,6,B
16009,Benewah,ID,5B,5,B
16011,Bingham,ID,6B,6,B
16013,Blaine,ID,6B,6,B
16015,Boise,ID,6B,6,B
16017,Bonner,ID,6B,6,B
16019,Bonneville,ID,6B,6,B
16021,Boundary,ID,6B,6,B
16023,Butte,ID,6B,6,B
16025,Camas,ID,6B,6,B
16027,Canyon,ID,5B,5,B
16029,Caribou,ID,6B,6,B
16031,Cassia,ID,5B,5,B
16033,Clark,ID,6B,6,B
16035,Clearwater,ID,5B,5,B
16037,Custer,ID,6B,6,B
16039,Elmore,ID,5B,5,B
16041,Franklin,ID,6B,6,B
16043,Fremont,ID,6B,6,B
16045,Gem,ID,5B,5,B
16047,Gooding,ID,5B,5,B
16049,Idaho,ID,5B,5,B
16051,Jefferson,ID,6B,6,B
16053,Jerome,ID,5B,5,B
16055,Kootenai,ID,5B,5,B
16057,Latah,ID,5B,5,B
16059,Lemhi,ID,6B,6,B
16061,Lewis,ID,5B,5,B
16063,Lincoln,ID,5B,5,B
16065,Madison,ID,6B,6,B
16067,Minidoka,ID,5B,5,B
16069,Nez Perce,ID,5B,5,B
16071,Oneida,ID,6B,6,B
16073,Owyhee,ID,5B,5,B
16075,Payette,ID,5B,5,B
16077,Power,ID,5B,5,B
16079,Shoshone,ID,5B,5,B
16081,Teton,ID,6B,6,B
16083,Twin Falls,ID,5B,5,B
16085,Valley,ID,6B,6,B
16087,Washington,ID,5B,5,B
17001,Adams,IL,5A,5,A
17003,Alexander,IL,4A,4,A
17005,Bond,IL,4A,4,A
17007,Boone,IL,5A,5,A
17009,Brown,IL,5A,5,A
17011,Bureau,IL,5A,5,A
17013,Calhoun,IL,5A,5,A
17015,Carroll,IL,5A,5,A
17017,Cass,IL,5A,5,A
17019,Champaign,IL,5A,5,A
17021,Christian,IL,4A,4,A
17023,Clark,IL,5A,5,A
17025,Clay,IL,4A,4,A
17027,Clinton,IL,4A,4,A
17029,Coles,IL,5A,5,A
17031,Cook,IL,5A,5,A
17033,Crawford,IL,4A,4,A
17035,Cumberland,IL,5A,5,A
17037,DeKalb,IL,5A,5,A
17039,DeWitt,IL,5A,5,A
17041,Douglas,IL,5A,5,A
17043,DuPage,IL,5A,5,A
17045,Edgar,IL,5A,5,A
17047,Edwards,IL,4A,4,A
17049,Effingham,IL,4A,4,A
17051,Fayette,IL,4A,4,A
17053,Ford,IL,5A,5,A
17055,Franklin,IL,4A,4,A
17057,Fulton,IL,5A,5,A
17059,Gallatin,IL,4A,4,A
17061,Greene,IL,5A,5,A
17063,Grundy,IL,5A,5,A
17065,Hamilton,IL,4A,4,A
17067,Hancock,IL,5A,5,A
17069,Hardin,IL,4A,4,A
17071,Henderson,IL,5A,5,A
17073,Henry,IL,5A,5,A
17075,Iroquois,IL,5A,5,A
17077,Jackson,IL,4A,4,A
17079,Jasper,IL,4A,4,A
17081,Jefferson,IL,4A,4,A
17083,Jersey,IL,5A,5,A
17085,Jo Daviess,IL,5A,5,A
17087,Johnson,IL,4A,4,A
17089,Kane,IL,5A,5,A
17091,Kankakee,IL,5A,5,A
17093,Kendall,IL,5A,5,A
17095,Knox,IL,5A,5,A
17097,Lake,IL,5A,5,A
17099,LaSalle,IL,5A,5,A
17101,Lawrence,IL,4A,4,A
17103,Lee,IL,5A,5,A
17105,Livingston,IL,5A,5,A
17107,Logan,IL,5A,5,A
17115,Macon,IL,5A,5,A
17117,Macoupin,IL,4A,4,A
17119,Madison,IL,4A,4,A
17121,Marion,IL,4A,4,A
17123,Marshall,IL,5A,5,A
17125,Mason,IL,5A,5,A
17127,Massac,IL,4A,4,A
17109,McDonough,IL,5A,5,A
17111,McHenry,IL,5A,5,A
17113,McLean,IL,5A,5,A
17129,Menard,IL,5A,5,A
17131,Mercer,IL,5A,5,A
17133,Monroe,IL,4A,4,A
17135,Montgomery,IL,4A,4,A
17137,Morgan,IL,5A,5,A
17139,Moultrie,IL,5A,5,A
17141,Ogle,IL,5A,5,A
17143,Peoria,IL,5A,5,A
17145,Perry,IL,4A,4,A
17147,Piatt,IL,5A,5,A
17149,Pike,IL,5A,5,A
17151,Pope,IL,4A,4,A
17153,Pulaski,IL,4A,4,A
17155,Putnam,IL,5A,5,A
17157,Randolph,IL,4A,4,A
17159,Richland,IL,4A,4,A
17161,Rock Island,IL,5A,5,A
17165,Saline,IL,4A,4,A
17167,Sangamon,IL,5A,5,A
17169,Schuyler,IL,5A,5,A
17171,Scott,IL,5A,5,A
17173,Shelby,IL,4A,4,A
17163,St. Clair,IL,4A,4,A
17175,Stark,IL,5A,5,A
17177,Stephenson,IL,5A,5,A
17179,Tazewell,IL,5A,5,A
17181,Union,IL,4A,4,A
17183,Vermilion,IL,5A,5,A
17185,Wabash,IL,4A,4,A
17187,Warren,IL,5A,5,A
17189,Washington,IL,4A,4,A
17191,Wayne,IL,4A,4,A
17193,White,IL,4A,4,A
17195,Whiteside,IL,5A,5,A
17197,Will,IL,5A,5,A
17199,Williamson,IL,4A,4,A
17201,Winnebago,IL,5A,5,A
17203,Woodford,IL,5A,5,A
18001,Adams,IN,5A,5,A
18003,Allen,IN,5A,5,A
18005,Bartholomew,IN,5A,5,A
18007,Benton,IN,5A,5,A
18009,Blackford,IN,5A,5,A
18011,Boone,IN,5A,5,A
18013,Brown,IN,4A,4,A
18015,Carroll,IN,5A,5,A
18017,Cass,IN,5A,5,A
18019,Clark,IN,4A,4,A
18021,Clay,IN,5A,5,A
18023,Clinton,IN,5A,5,A
18025,Crawford,IN,4A,4,A
18027,Daviess,IN,4A,4,A
18029,Dearborn,IN,4A,4,A
18031,Decatur,IN,5A,5,A
18033,DeKalb,IN,5A,5,A
18035,Delaware,IN,5A,5,A
18037,Dubois,IN,4A,4,A
18039,Elkhart,IN,5A,5,A
18041,Fayette,IN,5A,5,A
18043,Floyd,IN,4A,4,A
18045,Fountain,IN,5A,5,A
18047,Franklin,IN,5A,5,A
18049,Fulton,IN,5A,5,A
18051,Gibson,IN,4A,4,A
18053,Grant,IN,5A,5,A
18055,Greene,IN,4A,4,A
18057,Hamilton,IN,5A,5,A
18059,Hancock,IN,5A,5,A
18061,Harrison,IN,4A,4,A
18063,Hendricks,IN,5A,5,A
18065,Henry,IN,5A,5,A
18067,Howard,IN,5A,5,A
18069,Huntington,IN,5A,5,A
18071,Jackson,IN,4A,4,A
18073,Jasper,IN,5A,5,A
18075,Jay,IN,5A,5,A
18077,Jefferson,IN,4A,4,A
18079,Jennings,IN,4A,4,A
18081,Johnson,IN,5A,5,A
18083,Knox,IN,4A,4,A
18085,Kosciusko,IN,5A,5,A
18087,LaGrange,IN,5A,5,A
18089,Lake,IN,5A,5,A
18091,LaPorte,IN,5A,5,A
18093,Lawrence,IN,4A,4,A
18095,Madison,IN,5A,5,A
18097,Marion,IN,5A,5,A
18099,Marshall,IN,5A,5,A
18101,Martin,IN,4A,4,A
18103,Miami,IN,5A,5,A
18105,Monroe,IN,4A,4,A
18107,Montgomery,IN,5A,5,A
18109,Morgan,IN,5A,5,A
18111,Newton,IN,5A,5,A
18113,Noble,IN,5A,5,A
18115,Ohio,IN,4A,4,A
18117,Orange,IN,4A,4,A
18119,Owen,IN,5A,5,A
18121,Parke,IN,5A,5,A
18123,Perry,IN,4A,4,A
18125,Pike,IN,4A,4,A
18127,Porter,IN,5A,5,A
18129,Posey,IN,4A,4,A
18131,Pulaski,IN,5A,5,A
18133,Putnam,IN,5A,5,A
18135,Randolph,IN,5A,5,A
18137,Ripley,IN,4A,4,A
18139,Rush,IN,5A,5,A
18143,Scott,IN,4A,4,A
18145,Shelby,IN,5A,5,A
18147,Spencer,IN,4A,4,A
18141,St. Joseph,IN,5A,5,A
18149,Starke,IN,5A,5,A
18151,Steuben,IN,5A,5,A
18153,Sullivan,IN,4A,4,A
18155,Switzerland,IN,4A,4,A
18157,Tippecanoe,IN,5A,5,A
18159,Tipton,IN,5A,5,A
18161,Union,IN,5A,5,A
18163,Vanderburgh,IN,4A,4,A
18165,Vermillion,IN,5A,5,A
18167,Vigo,IN,5A,5,A
18169,Wabash,IN,5A,5,A
18171,Warren,IN,5A,5,A
18173,Warrick,IN,4A,4,A
18175,Washington,IN,4A,4,A
18177,Wayne,IN,5A,5,A
18179,Wells,IN,5A,5,A
18181,White,IN,5A,5,A
18183,Whitley,IN,5A,5,A
20001,Allen,KS,4A,4,A
20003,Anderson,KS,4A,4,A
20005,Atchison,KS,4A,4,A
20007,Barber,KS,4A,4,A
20009,Barton,KS,4A,4,A
20011,Bourbon,KS,4A,4,A
20013,Brown,KS,4A,4,A
20015,Butler,KS,4A,4,A
20017,Chase,KS,4A,4,A
20019,Chautauqua,KS,4A,4,A
20021,Cherokee,KS,4A,4,A
20023,Cheyenne,KS,5A,5,A
20025,Clark,KS,4A,4,A
20027,Clay,KS,4A,4,A
20029,Cloud,KS,5A,5,A
20031,Coffey,KS,4A,4,A
20033,Comanche,KS,4A,4,A
20035,Cowley,KS,4A,4,A
20037,Crawford,KS,4A,4,A
20039,Decatur,KS,5A,5,A
20041,Dickinson,KS,4A,4,A
20043,Doniphan,KS,4A,4,A
20045,Douglas,KS,4A,4,A
20047,Edwards,KS,4A,4,A
20049,Elk,KS,4A,4,A
20051,Ellis,KS,5A,5,A
20053,Ellsworth,KS,4A,4,A
20055,Finney,KS,4A,4,A
20057,Ford,KS,4A,4,A
20059,Franklin,KS,4A,4,A
20061,Geary,KS,4A,4,A
20063,Gove,KS,5A,5,A
20065,Graham,KS,5A,5,A
20067,Grant,KS,4A,4,A
20069,Gray,KS,4A,4,A
20071,Greeley,KS,5A,5,A
20073,Greenwood,KS,4A,4,A
20075,Hamilton,KS,5A,5,A
20077,Harper,KS,4A,4,A
20079,Harvey,KS,4A,4,A
20081,Haskell,KS,4A,4,A
20083,Hodgeman,KS,4A,4,A
20085,Jackson,KS,4A,4,A
20087,Jefferson,KS,4A,4,A
20089,Jewell,KS,5A,5,A
20091,Johnson,KS,4A,4,A
20093,Kearny,KS,4A,4,A
20095,Kingman,KS,4A,4,A
20097,Kiowa,KS,4A,4,A
20099,Labette,KS,4A,4,A
20101,Lane,KS,5A,5,A
20103,Leavenworth,KS,4A,4,A
20105,Lincoln,KS,4A,4,A
20107,Linn,KS,4A,4,A
20109,Logan,KS,5A,5,A
20111,Lyon,KS,4A,4,A
20113,McPherson,KS,4A,4,A
20115,Marion,KS,4A,4,A
20117,Marshall,KS,4A,4,A
20119,Meade,KS,4A,4,A
20121,Miami,KS,4A,4,A
20123,Mitchell,KS,5A,5,A
20125,Montgomery,KS,4A,4,A
20127,Morris,KS,4A,4,A
20129,Morton,KS,4A,4,A
20131,Nemaha,KS,4A,4,A
20133,Neosho,KS,4A,4,A
20135,Ness,KS,5A,5,A
20137,Norton,KS,5A,5,A
20139,Osage,KS,4A,4,A
20141,Osborne,KS,5A,5,A
20143,Ottawa,KS,4A,4,A
20145,Pawnee,KS,4A,4,A
20147,Phillips,KS,5A,5,A
20149,Pottawatomie,KS,4A,4,A
20151,Pratt,KS,4A,4,A
20153,Rawlins,KS,5A,5,A
20155,Reno,KS,4A,4,A
20157,Republic,KS,5A,5,A
20159,Rice,KS,4A,4,A
20161,Riley,KS,4A,4,A
20163,Rooks,KS,5A,5,A
20165,Rush,KS,4A,4,A
20167,Russell,KS,4A,4,A
20169,Saline,KS,4A,4,A
20171,Scott,KS,5A,5,A
20173,Sedgwick,KS,4A,4,A
20175,Seward,KS,4A,4,A
20177,Shawnee,KS,4A,4,A
20179,Sheridan,KS,5A,5,A
20181,Sherman,KS,5A,5,A
20183,Smith,KS,5A,5,A
20185,Stafford,KS,4A,4,A
20187,Stanton,KS,4A,4,A
20189,Stevens,KS,4A,4,A
20191,Sumner,KS,4A,4,A
20193,Thomas,KS,5A,5,A
20195,Trego,KS,5A,5,A
20197,Wabaunsee,KS,4A,4,A
20199,Wallace,KS,5A,5,A
20201,Washington,KS,4A,4,A
20203,Wichita,KS,5A,5,A
20205,Wilson,KS,4A,4,A
20207,Woodson,KS,4A,4,A
20209,Wyandotte,KS,4A,4,A
21001,Adair,KY,4A,4,A
21003,Allen,KY,4A,4,A
21005,Anderson,KY,4A,4,A
21007,Ballard,KY,4A,4,A
21009,Barren,KY,4A,4,A
21011,Bath,KY,4A,4,A
21013,Bell,KY,4A,4,A
21015,Boone,KY,4A,4,A
21017,Bourbon,KY,4A,4,A
21019,Boyd,KY,4A,4,A
21021,Boyle,KY,4A,4,A
21023,Bracken,KY,4A,4,A
21025,Breathitt,KY,4A,4,A
21027,Breckinridge,KY,4A,4,A
21029,Bullitt,KY,4A,4,A
21031,Butler,KY,4A,4,A
21033,Caldwell,KY,4A,4,A
21035,Calloway,KY,4A,4,A
21037,Campbell,KY,4A,4,A
21039,Carlisle,KY,4A,4,A
21041,Carroll,KY,4A,4,A
21043,Carter,KY,4A,4,A
21045,Casey,KY,4A,4,A
21047,Christian,KY,4A,4,A
21049,Clark,KY,4A,4,A
21051,Clay,KY,4A,4,A
21053,Clinton,KY,4A,4,A
21055,Crittenden,KY,4A,4,A
21057,Cumberland,KY,4A,4,A
21059,Daviess,KY,4A,4,A
21061,Edmonson,KY,4A,4,A
21063,Elliott,KY,4A,4,A
21065,Estill,KY,4A,4,A
21067,Fayette,KY,4A,4,A
21069,Fleming,KY,4A,4,A
21071,Floyd,KY,4A,4,A
21073,Franklin,KY,4A,4,A
21075,Fulton,KY,4A,4,A
21077,Gallatin,KY,4A,4,A
21079,Garrard,KY,4A,4,A
21081,Grant,KY,4A,4,A
21083,Graves,KY,4A,4,A
21085,Grayson,KY,4A,4,A
21087,Green,KY,4A,4,A
21089,Greenup,KY,4A,4,A
21091,Hancock,KY,4A,4,A
21093,Hardin,KY,4A,4,A
21095,Harlan,KY,4A,4,A
21097,Harrison,KY,4A,4,A
21099,Hart,KY,4A,4,A
21101,Henderson,KY,4A,4,A
21103,Henry,KY,4A,4,A
21105,Hickman,KY,4A,4,A
21107,Hopkins,KY,4A,4,A
21109,Jackson,KY,4A,4,A
21111,Jefferson,KY,4A,4,A
21113,Jessamine,KY,4A,4,A
21115,Johnson,KY,4A,4,A
21117,Kenton,KY,4A,4,A
21119,Knott,KY,4A,4,A
21121,Knox,KY,4A,4,A
21123,Larue,KY,4A,4,A
21125,Laurel,KY,4A,4,A
21127,Lawrence,KY,4A,4,A
21129,Lee,KY,4A,4,A
21131,Leslie,KY,4A,4,A
21133,Letcher,KY,4A,4,A
21135,Lewis,KY,4A,4,A
21137,Lincoln,KY,4A,4,A
21139,Livingston,KY,4A,4,A
21141,Logan,KY,4A,4,A
21143,Lyon,KY,4A,4,A
21145,McCracken,KY,4A,4,A
21147,McCreary,KY,4A,4,A
21149,McLean,KY,4A,4,A
21151,Madison,KY,4A,4,A
21153,Magoffin,KY,4A,4,A
21155,Marion,KY,4A,4,A
21157,Marshall,KY,4A,4,A
21159,Martin,KY,4A,4,A
21161,Mason,KY,4A,4,A
21163,Meade,KY,4A,4,A
21165,Menifee,KY,4A,4,A
21167,Mercer,KY,4A,4,A
21169,Metcalfe,KY,4A,4,A
21171,Monroe,KY,4A,4,A
21173,Montgomery,KY,4A,4,A
21175,Morgan,KY,4A,4,A
21177,Muhlenberg,KY,4A,4,A
21179,Nelson,KY,4A,4,A
21181,Nicholas,KY,4A,4,A
21183,Ohio,KY,4A,4,A
21185,Oldham,KY,4A,4,A
21187,Owen,KY,4A,4,A
21189,Owsley,KY,4A,4,A
21191,Pendleton,KY,4A,4,A
21193,Perry,KY,4A,4,A
21195,Pike,KY,4A,4,A
21197,Powell,KY,4A,4,A
21199,Pulaski,KY,4A,4,A
21201,Robertson,KY,4A,4,A
21203,Rockcastle,KY,4A,4,A
21205,Rowan,KY,4A,4,A
21207,Russell,KY,4A,4,A
21209,Scott,KY,4A,4,A
21211,Shelby,KY,4A,4,A
21213,Simpson,KY,4A,4,A
21215,Spencer,KY,4A,4,A
21217,Taylor,KY,4A,4,A
21219,Todd,KY,4A,4,A
21221,Trigg,KY,4A,4,A
21223,Trimble,KY,4A,4,A
21225,Union,KY,4A,4,A
21227,Warren,KY,4A,4,A
21229,Washington,KY,4A,4,A
21231,Wayne,KY,4A,4,A
21233,Webster,KY,4A,4,A
21235,Whitley,KY,4A,4,A
21237,Wolfe,KY,4A,4,A
21239,Woodford,KY,4A,4,A
22001,Acadia,LA,2A,2,A
22003,Allen,LA,2A,2,A
22005,Ascension,LA,2A,2,A
22007,Assumption,LA,2A,2,A
22009,Avoyelles,LA,2A,2,A
22011,Beauregard,LA,2A,2,A
22013,Bienville,LA,3A,3,A
22015,Bossier,LA,3A,3,A
22017,Caddo,LA,3A,3,A
22019,Calcasieu,LA,2A,2,A
22021,Caldwell,LA,3A,3,A
22023,Cameron,LA,2A,2,A
22025,Catahoula,LA,3A,3,A
22027,Claiborne,LA,3A,3,A
22029,Concordia,LA,3A,3,A
22031,De Soto,LA,3A,3,A
22033,East Baton Rouge,LA,2A,2,A
22035,East Carroll,LA,3A,3,A
22037,East Feliciana,LA,2A,2,A
22039,Evangeline,LA,2A,2,A
22041,Franklin,LA,3A,3,A
22043,Grant,LA,3A,3,A
22045,Iberia,LA,2A,2,A
22047,Iberville,LA,2A,2,A
22049,Jackson,LA,3A,3,A
22051,Jefferson,LA,2A,2,A
22053,Jefferson Davis,LA,2A,2,A
22059,La Salle,LA,3A,3,A
22055,Lafayette,LA,2A,2,A
22057,Lafourche,LA,2A,2,A
22061,Lincoln,LA,3A,3,A
22063,Livingston,LA,2A,2,A
22065,Madison,LA,3A,3,A
22067,Morehouse,LA,3A,3,A
22069,Natchitoches,LA,3A,3,A
22071,Orleans,LA,2A,2,A
22073,Ouachita,LA,3A,3,A
22075,Plaquemines,LA,2A,2,A
22077,Pointe Coupee,LA,2A,2,A
22079,Rapides,LA,2A,2,A
22081,Red River,LA,3A,3,A
22083,Richland,LA,3A,3,A
22085,Sabine,LA,3A,3,A
22087,St. Bernard,LA,2A,2,A
22089,St. Charles,LA,2A,2,A
22091,St. Helena,LA,2A,2,A
22093,St. James,LA,2A,2,A
22095,St. John the Baptist,LA,2A,2,A
22097,St. Landry,LA,2A,2,A
22099,St. Martin,LA,2A,2,A
22101,St. Mary,LA,2A,2,A
22103,St. Tammany,LA,2A,2,A
22105,Tangipahoa,LA,2A,2,A
22107,Tensas,LA,3A,3,A
22109,Terrebonne,LA,2A,2,A
22111,Union,LA,3A,3,A
22113,Vermilion,LA,2A,2,A
22115,Vernon,LA,3A,3,A
22117,Washington,LA,2A,2,A
22119,Webster,LA,3A,3,A
22121,West Baton Rouge,LA,2A,2,A
22123,West Carroll,LA,3A,3,A
22125,West Feliciana,LA,2A,2,A
22127,Winn,LA,3A,3,A
25001,Barnstable,MA,5A,5,A
25003,Berkshire,MA,5A,5,A
25005,Bristol,MA,5A,5,A
25007,Dukes,MA,5A,5,A
25009,Essex,MA,5A,5,A
25011,Franklin,MA,5A,5,A
25013,Hampden,MA,5A,5,A
25015,Hampshire,MA,5A,5,A
25017,Middlesex,MA,5A,5,A
25019,Nantucket,MA,5A,5,A
25021,Norfolk,MA,5A,5,A
25023,Plymouth,MA,5A,5,A
25025,Suffolk,MA,5A,5,A
25027,Worcester,MA,5A,5,A
24001,Allegany,MD,4A,4,A
24003,Anne Arundel,MD,4A,4,A
24005,Baltimore,MD,4A,4,A
24009,Calvert,MD,4A,4,A
24011,Caroline,MD,4A,4,A
24013,Carroll,MD,4A,4,A
24015,Cecil,MD,4A,4,A
24017,Charles,MD,4A,4,A
24019,Dorchester,MD,4A,4,A
24021,Frederick,MD,4A,4,A
24023,Garrett,MD,5A,5,A
24025,Harford,MD,4A,4,A
24027,Howard,MD,4A,4,A
24029,Kent,MD,4A,4,A
24031,Montgomery,MD,4A,4,A
24033,Prince George's,MD,4A,4,A
24035,Queen Anne's,MD,4A,4,A
24037,St. Mary's,MD,4A,4,A
24039,Somerset,MD,4A,4,A
24041,Talbot,MD,4A,4,A
24043,Washington,MD,4A,4,A
24045,Wicomico,MD,4A,4,A
24047,Worcester,MD,4A,4,A
24510,Baltimore,MD,4A,4,A
23001,Androscoggin,ME,6A,6,A
23003,Aroostook,ME,7,7,
23005,Cumberland,ME,6A,6,A
23007,Franklin,ME,6A,6,A
23009,Hancock,ME,6A,6,A
23011,Kennebec,ME,6A,6,A
23013,Knox,ME,6A,6,A
23015,Lincoln,ME,6A,6,A
23017,Oxford,ME,6A,6,A
23019,Penobscot,ME,6A,6,A
23021,Piscataquis,ME,6A,6,A
23023,Sagadahoc,ME,6A,6,A
23025,Somerset,ME,6A,6,A
23027,Waldo,ME,6A,6,A
23029,Washington,ME,6A,6,A
23031,York,ME,6A,6,A
26001,Alcona,MI,6A,6,A
26003,Alger,MI,6A,6,A
26005,Allegan,MI,5A,5,A
26007,Alpena,MI,6A,6,A
26009,Antrim,MI,6A,6,A
26011,Arenac,MI,6A,6,A
26013,Baraga,MI,7,7,
26015,Barry,MI,5A,5,A
26017,Bay,MI,5A,5,A
26019,Benzie,MI,6A,6,A
26021,Berrien,MI,5A,5,A
26023,Branch,MI,5A,5,A
26025,Calhoun,MI,5A,5,A
26027,Cass,MI,5A,5,A
26029,Charlevoix,MI,6A,6,A
26031,Cheboygan,MI,6A,6,A
26033,Chippewa,MI,7,7,
26035,Clare,MI,6A,6,A
26037,Clinton,MI,5A,5,A
26039,Crawford,MI,6A,6,A
26041,Delta,MI,6A,6,A
26043,Dickinson,MI,6A,6,A
26045,Eaton,MI,5A,5,A
26047,Emmet,MI,6A,6,A
26049,Genesee,MI,5A,5,A
26051,Gladwin,MI,6A,6,A
26053,Gogebic,MI,7,7,
26055,Grand Traverse,MI,6A,6,A
26057,Gratiot,MI,5A,5,A
26059,Hillsdale,MI,5A,5,A
26061,Houghton,MI,7,7,
26063,Huron,MI,6A,6,A
26065,Ingham,MI,5A,5,A
26067,Ionia,MI,5A,5,A
26069,Iosco,MI,6A,6,A
26071,Iron,MI,7,7,
26073,Isabella,MI,6A,6,A
26075,Jackson,MI,5A,5,A
26077,Kalamazoo,MI,5A,5,A
26079,Kalkaska,MI,6A,6,A
26081,Kent,MI,5A,5,A
26083,Keweenaw,MI,7,7,
26085,Lake,MI,6A,6,A
26087,Lapeer,MI,5A,5,A
26089,Leelanau,MI,6A,6,A
26091,Lenawee,MI,5A,5,A
26093,Livingston,MI,5A,5,A
26095,Luce,MI,7,7,
26097,Mackinac,MI,7,7,
26099,Macomb,MI,5A,5,A
26101,Manistee,MI,6A,6,A
26103,Marquette,MI,6A,6,A
26105,Mason,MI,6A,6,A
26107,Mecosta,MI,6A,6,A
26109,Menominee,MI,6A,6,A
26111,Midland,MI,5A,5,A
26113,Missaukee,MI,6A,6,A
26115,Monroe,MI,5A,5,A
26117,Montcalm,MI,5A,5,A
26119,Montmorency,MI,6A,6,A
26121,Muskegon,MI,5A,5,A
26123,Newaygo,MI,6A,6,A
26125,Oakland,MI,5A,5,A
26127,Oceana,MI,6A,6,A
26129,Ogemaw,MI,6A,6,A
26131,Ontonagon,MI,7,7,
26133,Osceola,MI,6A,6,A
26135,Oscoda,MI,6A,6,A
26137,Otsego,MI,6A,6,A
26139,Ottawa,MI,5A,5,A
26141,Presque Isle,MI,6A,6,A
26143,Roscommon,MI,6A,6,A
26145,Saginaw,MI,5A,5,A
26151,Sanilac,MI,6A,6,A
26153,Schoolcraft,MI,7,7,
26155,Shiawassee,MI,5A,5,A
26147,St. Clair,MI,5A,5,A
26149,St. Joseph,MI,5A,5,A
26157,Tuscola,MI,5A,5,A
26159,Van Buren,MI,5A,5,A
26161,Washtenaw,MI,5A,5,A
26163,Wayne,MI,5A,5,A
26165,Wexford,MI,6A,6,A
27001,Aitkin,MN,7,7,
27003,Anoka,MN,6A,6,A
27005,Becker,MN,7,7,
27007,Beltrami,MN,7,7,
27009,Benton,MN,6A,6,A
27011,Big Stone,MN,6A,6,A
27013,Blue Earth,MN,6A,6,A
27015,Brown,MN,6A,6,A
27017,Carlton,MN,7,7,
27019,Carver,MN,6A,6,A
27021,Cass,MN,7,7,
27023,Chippewa,MN,6A,6,A
27025,Chisago,MN,6A,6,A
27027,Clay,MN,7,7,
27029,Clearwater,MN,7,7,
27031,Cook,MN,7,7,
27033,Cottonwood,MN,6A,6,A
27035,Crow Wing,MN,7,7,
27037,Dakota,MN,6A,6,A
27039,Dodge,MN,6A,6,A
27041,Douglas,MN,6A,6,A
27043,Faribault,MN,6A,6,A
27045,Fillmore,MN,6A,6,A
27047,Freeborn,MN,6A,6,A
27049,Goodhue,MN,6A,6,A
27051,Grant,MN,7,7,
27053,Hennepin,MN,6A,6,A
27055,Houston,MN,6A,6,A
27057,Hubbard,MN,7,7,
27059,Isanti,MN,6A,6,A
27061,Itasca,MN,7,7,
27063,Jackson,MN,6A,6,A
27065,Kanabec,MN,7,7,
27067,Kandiyohi,MN,6A,6,A
27069,Kittson,MN,7,7,
27071,Koochiching,MN,7,7,
27073,Lac qui Parle,MN,6A,6,A
27075,Lake,MN,7,7,
27077,Lake of the Woods,MN,7,7,
27079,Le Sueur,MN,6A,6,A
27081,Lincoln,MN,6A,6,A
27083,Lyon,MN,6A,6,A
27087,Mahnomen,MN,7,7,
27089,Marshall,MN,7,7,
27091,Martin,MN,6A,6,A
27085,McLeod,MN,6A,6,A
27093,Meeker,MN,6A,6,A
27095,Mille Lacs,MN,7,7,
27097,Morrison,MN,6A,6,A
27099,Mower,MN,6A,6,A
27101,Murray,MN,6A,6,A
27103,Nicollet,MN,6A,6,A
27105,Nobles,MN,6A,6,A
27107,Norman,MN,7,7,
27109,Olmsted,MN,6A,6,A
27111,Otter Tail,MN,7,7,
27113,Pennington,MN,7,7,
27115,Pine,MN,7,7,
27117,Pipestone,MN,6A,6,A
27119,Polk,MN,7,7,
27121,Pope,MN,6A,6,A
27123,Ramsey,MN,6A,6,A
27125,Red Lake,MN,7,7,
27127,Redwood,MN,6A,6,A
27129,Renville,MN,6A,6,A
27131,Rice,MN,6A,6,A
27133,Rock,MN,6A,6,A
27135,Roseau,MN,7,7,
27139,Scott,MN,6A,6,A
27141,Sherburne,MN,6A,6,A
27143,Sibley,MN,6A,6,A
27137,St. Louis,MN,7,7,
27145,Stearns,MN,6A,6,A
27147,Steele,MN,6A,6,A
27149,Stevens,MN,6A,6,A
27151,Swift,MN,6A,6,A
27153,Todd,MN,6A,6,A
27155,Traverse,MN,6A,6,A
27157,Wabasha,MN,6A,6,A
27159,Wadena,MN,7,7,
27161,Waseca,MN,6A,6,A
27163,Washington,MN,6A,6,A
27165,Watonwan,MN,6A,6,A
27167,Wilkin,MN,7,7,
27169,Winona,MN,6A,6,A
27171,Wright,MN,6A,6,A
27173,Yellow Medicine,MN,6A,6,A
29001,Adair,MO,5A,5,A
29003,Andrew,MO,5A,5,A
29005,Atchison,MO,5A,5,A
29007,Audrain,MO,4A,4,A
29009,Barry,MO,4A,4,A
29011,Barton,MO,4A,4,A
29013,Bates,MO,4A,4,A
29015,Benton,MO,4A,4,A
29017,Bollinger,MO,4A,4,A
29019,Boone,MO,4A,4,A
29021,Buchanan,MO,5A,5,A
29023,Butler,MO,4A,4,A
29025,Caldwell,MO,5A,5,A
29027,Callaway,MO,4A,4,A
29029,Camden,MO,4A,4,A
29031,Cape Girardeau,MO,4A,4,A
29033,Carroll,MO,4A,4,A
29035,Carter,MO,4A,4,A
29037,Cass,MO,4A,4,A
29039,Cedar,MO,4A,4,A
29041,Chariton,MO,5A,5,A
29043,Christian,MO,4A,4,A
29045,Clark,MO,5A,5,A
29047,Clay,MO,4A,4,A
29049,Clinton,MO,5A,5,A
29051,Cole,MO,4A,4,A
29053,Cooper,MO,4A,4,A
29055,Crawford,MO,4A,4,A
29057,Dade,MO,4A,4,A
29059,Dallas,MO,4A,4,A
29061,Daviess,MO,5A,5,A
29063,DeKalb,MO,5A,5,A
29065,Dent,MO,4A,4,A
29067,Douglas,MO,4A,4,A
29069,Dunklin,MO,4A,4,A
29071,Franklin,MO,4A,4,A
29073,Gasconade,MO,4A,4,A
29075,Gentry,MO,5A,5,A
29077,Greene,MO,4A,4,A
29079,Grundy,MO,5A,5,A
29081,Harrison,MO,5A,5,A
29083,Henry,MO,4A,4,A
29085,Hickory,MO,4A,4,A
29087,Holt,MO,5A,5,A
29089,Howard,MO,4A,4,A
29091,Howell,MO,4A,4,A
29093,Iron,MO,4A,4,A
29095,Jackson,MO,4A,4,A
29097,Jasper,MO,4A,4,A
29099,Jefferson,MO,4A,4,A
29101,Johnson,MO,4A,4,A
29103,Knox,MO,5A,5,A
29105,Laclede,MO,4A,4,A
29107,Lafayette,MO,4A,4,A
29109,Lawrence,MO,4A,4,A
29111,Lewis,MO,5A,5,A
29113,Lincoln,MO,4A,4,A
29115,Linn,MO,5A,5,A
29117,Livingston,MO,5A,5,A
29121,Macon,MO,5A,5,A
29123,Madison,MO,4A,4,A
29125,Maries,MO,4A,4,A
29127,Marion,MO,5A,5,A
29119,McDonald,MO,4A,4,A
29129,Mercer,MO,5A,5,A
29131,Miller,MO,4A,4,A
29133,Mississippi,MO,4A,4,A
29135,Moniteau,MO,4A,4,A
29137,Monroe,MO,4A,4,A
29139,Montgomery,MO,4A,4,A
29141,Morgan,MO,4A,4,A
29143,New Madrid,MO,4A,4,A
29145,Newton,MO,4A,4,A
29147,Nodaway,MO,5A,5,A
29149,Oregon,MO,4A,4,A
29151,Osage,MO,4A,4,A
29153,Ozark,MO,4A,4,A
29155,Pemiscot,MO,4A,4,A
29157,Perry,MO,4A,4,A
29159,Pettis,MO,4A,4,A
29161,Phelps,MO,4A,4,A
29163,Pike,MO,5A,5,A
29165,Platte,MO,4A,4,A
29167,Polk,MO,4A,4,A
29169,Pulaski,MO,4A,4,A
29171,Putnam,MO,5A,5,A
29173,Ralls,MO,5A,5,A
29175,Randolph,MO,4A,4,A
29177,Ray,MO,4A,4,A
29179,Reynolds,MO,4A,4,A
29181,Ripley,MO,4A,4,A
29195,Saline,MO,4A,4,A
29197,Schuyler,MO,5A,5,A
29199,Scotland,MO,5A,5,A
29201,Scott,MO,4A,4,A
29203,Shannon,MO,4A,4,A
29205,Shelby,MO,5A,5,A
29183,St. Charles,MO,4A,4,A
29185,St. Clair,MO,4A,4,A
29187,St. Francois,MO,4A,4,A
29189,St. Louis,MO,4A,4,A
29510,St. Louis (city),MO,4A,4,A
29186,Ste. Genevieve,MO,4A,4,A
29207,Stoddard,MO,4A,4,A
29209,Stone,MO,4A,4,A
29211,Sullivan,MO,5A,5,A
29213,Taney,MO,4A,4,A
29215,Texas,MO,4A,4,A
29217,Vernon,MO,4A,4,A
29219,Warren,MO,4A,4,A
29221,Washington,MO,4A,4,A
29223,Wayne,MO,4A,4,A
29225,Webster,MO,4A,4,A
29227,Worth,MO,5A,5,A
29229,Wright,MO,4A,4,A
69085,Northern Islands,MP,1A,1,A
69100,Rota,MP,1A,1,A
69110,Saipan,MP,1A,1,A
69120,Tinian,MP,1A,1,A
28001,Adams,MS,3A,3,A
28003,Alcorn,MS,3A,3,A
28005,Amite,MS,3A,3,A
28007,Attala,MS,3A,3,A
28009,Benton,MS,3A,3,A
28011,Bolivar,MS,3A,3,A
28013,Calhoun,MS,3A,3,A
28015,Carroll,MS,3A,3,A
28017,Chickasaw,MS,3A,3,A
28019,Choctaw,MS,3A,3,A
28021,Claiborne,MS,3A,3,A
28023,Clarke,MS,3A,3,A
28025,Clay,MS,3A,3,A
28027,Coahoma,MS,3A,3,A
28029,Copiah,MS,3A,3,A
28031,Covington,MS,3A,3,A
28033,DeSoto,MS,3A,3,A
28035,Forrest,MS,3A,3,A
28037,Franklin,MS,3A,3,A
28039,George,MS,3A,3,A
28041,Greene,MS,3A,3,A
28043,Grenada,MS,3A,3,A
28045,Hancock,MS,2A,2,A
28047,Harrison,MS,2A,2,A
28049,Hinds,MS,3A,3,A
28051,Holmes,MS,3A,3,A
28053,Humphreys,MS,3A,3,A
28055,Issaquena,MS,3A,3,A
28057,Itawamba,MS,3A,3,A
28059,Jackson,MS,2A,2,A
28061,Jasper,MS,3A,3,A
28063,Jefferson,MS,3A,3,A
28065,Jefferson Davis,MS,3A,3,A
28067,Jones,MS,3A,3,A
28069,Kemper,MS,3A,3,A
28071,Lafayette,MS,3A,3,A
28073,Lamar,MS,3A,3,A
28075,Lauderdale,MS,3A,3,A
28077,Lawrence,MS,3A,3,A
28079,Leake,MS,3A,3,A
28081,Lee,MS,3A,3,A
28083,Leflore,MS,3A,3,A
28085,Lincoln,MS,3A,3,A
28087,Lowndes,MS,3A,3,A
28089,Madison,MS,3A,3,A
28091,Marion,MS,3A,3,A
28093,Marshall,MS,3A,3,A
28095,Monroe,MS,3A,3,A
28097,Montgomery,MS,3A,3,A
28099,Neshoba,MS,3A,3,A
28101,Newton,MS,3A,3,A
28103,Noxubee,MS,3A,3,A
28105,Oktibbeha,MS,3A,3,A
28107,Panola,MS,3A,3,A
28109,Pearl River,MS,2A,2,A
28111,Perry,MS,3A,3,A
28113,Pike,MS,3A,3,A
28115,Pontotoc,MS,3A,3,A
28117,Prentiss,MS,3A,3,A
28119,Quitman,MS,3A,3,A
28121,Rankin,MS,3A,3,A
28123,Scott,MS,3A,3,A
28125,Sharkey,MS,3A,3,A
28127,Simpson,MS,3A,3,A
28129,Smith,MS,3A,3,A
28131,Stone,MS,2A,2,A
28133,Sunflower,MS,3A,3,A
28135,Tallahatchie,MS,3A,3,A
28137,Tate,MS,3A,3,A
28139,Tippah,MS,3A,3,A
28141,Tishomingo,MS,3A,3,A
28143,Tunica,MS,3A,3,A
28145,Union,MS,3A,3,A
28147,Walthall,MS,3A,3,A
28149,Warren,MS,3A,3,A
28151,Washington,MS,3A,3,A
28153,Wayne,MS,3A,3,A
28155,Webster,MS,3A,3,A
28157,Wilkinson,MS,3A,3,A
28159,Winston,MS,3A,3,A
28161,Yalobusha,MS,3A,3,A
28163,Yazoo,MS,3A,3,A
30001,Beaverhead,MT,6B,6,B
30003,Big Horn,MT,6B,6,B
30005,Blaine,MT,6B,6,B
30007,Broadwater,MT,6B,6,B
30009,Carbon,MT,6B,6,B
30011,Carter,MT,6B,6,B
30013,Cascade,MT,6B,6,B
30015,Chouteau,MT,6B,6,B
30017,Custer,MT,6B,6,B
30019,Daniels,MT,6B,6,B
30021,Dawson,MT,6B,6,B
30023,Deer Lodge,MT,6B,6,B
30025,Fallon,MT,6B,6,B
30027,Fergus,MT,6B,6,B
30029,Flathead,MT,6B,6,B
30031,Gallatin,MT,6B,6,B
30033,Garfield,MT,6B,6,B
30035,Glacier,MT,6B,6,B
30037,Golden Valley,MT,6B,6,B
30039,Granite,MT,6B,6,B
30041,Hill,MT,6B,6,B
30043,Jefferson,MT,6B,6,B
30045,Judith Basin,MT,6B,6,B
30047,Lake,MT,6B,6,B
30049,Lewis and Clark,MT,6B,6,B
30051,Liberty,MT,6B,6,B
30053,Lincoln,MT,6B,6,B
30057,Madison,MT,6B,6,B
30055,McCone,MT,6B,6,B
30059,Meagher,MT,6B,6,B
30061,Mineral,MT,6B,6,B
30063,Missoula,MT,6B,6,B
30065,Musselshell,MT,6B,6,B
30067,Park,MT,6B,6,B
30069,Petroleum,MT,6B,6,B
30071,Phillips,MT,6B,6,B
30073,Pondera,MT,6B,6,B
30075,Powder River,MT,6B,6,B
30077,Powell,MT,6B,6,B
30079,Prairie,MT,6B,6,B
30081,Ravalli,MT,6B,6,B
30083,Richland,MT,6B,6,B
30085,Roosevelt,MT,6B,6,B
30087,Rosebud,MT,6B,6,B
30089,Sanders,MT,6B,6,B
30091,Sheridan,MT,6B,6,B
30093,Silver Bow,MT,6B,6,B
30095,Stillwater,MT,6B,6,B
30097,Sweet Grass,MT,6B,6,B
30099,Teton,MT,6B,6,B
30101,Toole,MT,6B,6,B
30103,Treasure,MT,6B,6,B
30105,Valley,MT,6B,6,B
30107,Wheatland,MT,6B,6,B
30109,Wibaux,MT,6B,6,B
30111,Yellowstone,MT,6B,6,B
37001,Alamance,NC,4A,4,A
37003,Alexander,NC,4A,4,A
37005,Alleghany,NC,5A,5,A
37007,Anson,NC,3A,3,A
37009,Ashe,NC,5A,5,A
37011,Avery,NC,5A,5,A
37013,Beaufort,NC,3A,3,A
37015,Bertie,NC,4A,4,A
37017,Bladen,NC,3A,3,A
37019,Brunswick,NC,3A,3,A
37021,Buncombe,NC,4A,4,A
37023,Burke,NC,4A,4,A
37025,Cabarrus,NC,3A,3,A
37027,Caldwell,NC,4A,4,A
37029,Camden,NC,3A,3,A
37031,Carteret,NC,3A,3,A
37033,Caswell,NC,4A,4,A
37035,Catawba,NC,4A,4,A
37037,Chatham,NC,4A,4,A
37039,Cherokee,NC,4A,4,A
37041,Chowan,NC,3A,3,A
37043,Clay,NC,4A,4,A
37045,Cleveland,NC,4A,4,A
37047,Columbus,NC,3A,3,A
37049,Craven,NC,3A,3,A
37051,Cumberland,NC,3A,3,A
37053,Currituck,NC,3A,3,A
37055,Dare,NC,3A,3,A
37057,Davidson,NC,3A,3,A
37059,Davie,NC,4A,4,A
37061,Duplin,NC,3A,3,A
37063,Durham,NC,4A,4,A
37065,Edgecombe,NC,3A,3,A
37067,Forsyth,NC,4A,4,A
37069,Franklin,NC,4A,4,A
37071,Gaston,NC,3A,3,A
37073,Gates,NC,4A,4,A
37075,Graham,NC,4A,4,A
37077,Granville,NC,4A,4,A
37079,Greene,NC,3A,3,A
37081,Guilford,NC,4A,4,A
37083,Halifax,NC,4A,4,A
37085,Harnett,NC,4A,4,A
37087,Haywood,NC,4A,4,A
37089,Henderson,NC,4A,4,A
37091,Hertford,NC,4A,4,A
37093,Hoke,NC,3A,3,A
37095,Hyde,NC,3A,3,A
37097,Iredell,NC,4A,4,A
37099,Jackson,NC,4A,4,A
37101,Johnston,NC,3A,3,A
37103,Jones,NC,3A,3,A
37105,Lee,NC,4A,4,A
37107,Lenoir,NC,3A,3,A
37109,Lincoln,NC,4A,4,A
37113,Macon,NC,4A,4,A
37115,Madison,NC,4A,4,A
37117,Martin,NC,3A,3,A
37111,McDowell,NC,4A,4,A
37119,Mecklenburg,NC,3A,3,A
37121,Mitchell,NC,5A,5,A
37123,Montgomery,NC,3A,3,A
37125,Moore,NC,3A,3,A
37127,Nash,NC,4A,4,A
37129,New Hanover,NC,3A,3,A
37131,Northampton,NC,4A,4,A
37133,Onslow,NC,3A,3,A
37135,Orange,NC,4A,4,A
37137,Pamlico,NC,3A,3,A
37139,Pasquotank,NC,3A,3,A
37141,Pender,NC,3A,3,A
37143,Perquimans,NC,3A,3,A
37145,Person,NC,4A,4,A
37147,Pitt,NC,3A,3,A
37149,Polk,NC,4A,4,A
37151,Randolph,NC,3A,3,A
37153,Richmond,NC,3A,3,A
37155,Robeson,NC,3A,3,A
37157,Rockingham,NC,4A,4,A
37159,Rowan,NC,3A,3,A
37161,Rutherford,NC,4A,4,A
37163,Sampson,NC,3A,3,A
37165,Scotland,NC,3A,3,A
37167,Stanly,NC,3A,3,A
37169,Stokes,NC,4A,4,A
37171,Surry,NC,4A,4,A
37173,Swain,NC,4A,4,A
37175,Transylvania,NC,4A,4,A
37177,Tyrrell,NC,3A,3,A
37179,Union,NC,3A,3,A
37181,Vance,NC,4A,4,A
37183,Wake,NC,4A,4,A
37185,Warren,NC,4A,4,A
37187,Washington,NC,3A,3,A
37189,Watauga,NC,5A,5,A
37191,Wayne,NC,3A,3,A
37193,Wilkes,NC,4A,4,A
37195,Wilson,NC,3A,3,A
37197,Yadkin,NC,4A,4,A
37199,Yancey,NC,5A,5,A
38001,Adams,ND,6A,6,A
38003,Barnes,ND,7,7,
38005,Benson,ND,7,7,
38007,Billings,ND,6A,6,A
38009,Bottineau,ND,7,7,
38011,Bowman,ND,6A,6,A
38013,Burke,ND,7,7,
38015,Burleigh,ND,6A,6,A
38017,Cass,ND,7,7,
38019,Cavalier,ND,7,7,
38021,Dickey,ND,6A,6,A
38023,Divide,ND,7,7,
38025,Dunn,ND,6A,6,A
38027,Eddy,ND,7,7,
38029,Emmons,ND,6A,6,A
38031,Foster,ND,7,7,
38033,Golden Valley,ND,6A,6,A
38035,Grand Forks,ND,7,7,
38037,Grant,ND,6A,6,A
38039,Griggs,ND,7,7,
38041,Hettinger,ND,6A,6,A
38043,Kidder,ND,7,7,
38045,LaMoure,ND,6A,6,A
38047,Logan,ND,6A,6,A
38049,McHenry,ND,7,7,
38051,McIntosh,ND,6A,6,A
38053,McKenzie,ND,6A,6,A
38055,McLean,ND,7,7,
38057,Mercer,ND,6A,6,A
38059,Morton,ND,6A,6,A
38061,Mountrail,ND,7,7,
38063,Nelson,ND,7,7,
38065,Oliver,ND,6A,6,A
38067,Pembina,ND,7,7,
38069,Pierce,ND,7,7,
38071,Ramsey,ND,7,7,
38073,Ransom,ND,6A,6,A
38075,Renville,ND,7,7,
38077,Richland,ND,6A,6,A
38079,Rolette,ND,7,7,
38081,Sargent,ND,6A,6,A
38083,Sheridan,ND,7,7,
38085,Sioux,ND,6A,6,A
38087,Slope,ND,6A,6,A
38089,Stark,ND,6A,6,A
38091,Steele,ND,7,7,
38093,Stutsman,ND,7,7,
38095,Towner,ND,7,7,
38097,Traill,ND,7,7,
38099,Walsh,ND,7,7,
38101,Ward,ND,7,7,
38103,Wells,ND,7,7,
38105,Williams,ND,7,7,
31001,Adams,NE,5A,5,A
31003,Antelope,NE,5A,5,A
31005,Arthur,NE,5A,5,A
31007,Banner,NE,5A,5,A
31009,Blaine,NE,5A,5,A
31011,Boone,NE,5A,5,A
31013,Box Butte,NE,5A,5,A
31015,Boyd,NE,5A,5,A
31017,Brown,NE,5A,5,A
31019,Buffalo,NE,5A,5,A
31021,Burt,NE,5A,5,A
31023,Butler,NE,5A,5,A
31025,Cass,NE,5A,5,A
31027,Cedar,NE,5A,5,A
31029,Chase,NE,5A,5,A
31031,Cherry,NE,5A,5,A
31033,Cheyenne,NE,5A,5,A
31035,Clay,NE,5A,5,A
31037,Colfax,NE,5A,5,A
31039,Cuming,NE,5A,5,A
31041,Custer,NE,5A,5,A
31043,Dakota,NE,5A,5,A
31045,Dawes,NE,5A,5,A
31047,Dawson,NE,5A,5,A
31049,Deuel,NE,5A,5,A
31051,Dixon,NE,5A,5,A
31053,Dodge,NE,5A,5,A
31055,Douglas,NE,5A,5,A
31057,Dundy,NE,5A,5,A
31059,Fillmore,NE,5A,5,A
31061,Franklin,NE,5A,5,A
31063,Frontier,NE,5A,5,A
31065,Furnas,NE,5A,5,A
31067,Gage,NE,5A,5,A
31069,Garden,NE,5A,5,A
31071,Garfield,NE,5A,5,A
31073,Gosper,NE,5A,5,A
31075,Grant,NE,5A,5,A
31077,Greeley,NE,5A,5,A
31079,Hall,NE,5A,5,A
31081,Hamilton,NE,5A,5,A
31083,Harlan,NE,5A,5,A
31085,Hayes,NE,5A,5,A
31087,Hitchcock,NE,5A,5,A
31089,Holt,NE,5A,5,A
31091,Hooker,NE,5A,5,A
31093,Howard,NE,5A,5,A
31095,Jefferson,NE,5A,5,A
31097,Johnson,NE,5A,5,A
31099,Kearney,NE,5A,5,A
31101,Keith,NE,5A,5,A
31103,Keya Paha,NE,5A,5,A
31105,Kimball,NE,5A,5,A
31107,Knox,NE,5A,5,A
31109,Lancaster,NE,5A,5,A
31111,Lincoln,NE,5A,5,A
31113,Logan,NE,5A,5,A
31115,Loup,NE,5A,5,A
31119,Madison,NE,5A,5,A
31117,McPherson,NE,5A,5,A
31121,Merrick,NE,5A,5,A
31123,Morrill,NE,5A,5,A
31125,Nance,NE,5A,5,A
31127,Nemaha,NE,5A,5,A
31129,Nuckolls,NE,5A,5,A
31131,Otoe,NE,5A,5,A
31133,Pawnee,NE,5A,5,A
31135,Perkins,NE,5A,5,A
31137,Phelps,NE,5A,5,A
31139,Pierce,NE,5A,5,A
31141,Platte,NE,5A,5,A
31143,Polk,NE,5A,5,A
31145,Red Willow,NE,5A,5,A
31147,Richardson,NE,5A,5,A
31149,Rock,NE,5A,5,A
31151,Saline,NE,5A,5,A
31153,Sarpy,NE,5A,5,A
31155,Saunders,NE,5A,5,A
31157,Scotts Bluff,NE,5A,5,A
31159,Seward,NE,5A,5,A
31161,Sheridan,NE,5A,5,A
31163,Sherman,NE,5A,5,A
31165,Sioux,NE,5A,5,A
31167,Stanton,NE,5A,5,A
31169,Thayer,NE,5A,5,A
31171,Thomas,NE,5A,5,A
31173,Thurston,NE,5A,5,A
31175,Valley,NE,5A,5,A
31177,Washington,NE,5A,5,A
31179,Wayne,NE,5A,5,A
31181,Webster,NE,5A,5,A
31183,Wheeler,NE,5A,5,A
31185,York,NE,5A,5,A
33001,Belknap,NH,6A,6,A
33003,Carroll,NH,6A,6,A
33005,Cheshire,NH,5A,5,A
33007,Coos,NH,6A,6,A
33009,Grafton,NH,6A,6,A
33011,Hillsborough,NH,5A,5,A
33013,Merrimack,NH,6A,6,A
33015,Rockingham,NH,5A,5,A
33017,Strafford,NH,5A,5,A
33019,Sullivan,NH,6A,6,A
34001,Atlantic,NJ,4A,4,A
34003,Bergen,NJ,5A,5,A
34005,Burlington,NJ,4A,4,A
34007,Camden,NJ,4A,4,A
34009,Cape May,NJ,4A,4,A
34011,Cumberland,NJ,4A,4,A
34013,Essex,NJ,4A,4,A
34015,Gloucester,NJ,4A,4,A
34017,Hudson,NJ,4A,4,A
34019,Hunterdon,NJ,5A,5,A
34021,Mercer,NJ,5A,5,A
34023,Middlesex,NJ,4A,4,A
34025,Monmouth,NJ,4A,4,A
34027,Morris,NJ,5A,5,A
34029,Ocean,NJ,4A,4,A
34031,Passaic,NJ,5A,5,A
34033,Salem,NJ,4A,4,A
34035,Somerset,NJ,5A,5,A
34037,Sussex,NJ,5A,5,A
34039,Union,NJ,4A,4,A
34041,Warren,NJ,5A,5,A
35001,Bernalillo,NM,4B,4,B
35003,Catron,NM,5B,5,B
35005,Chaves,NM,3B,3,B
35006,Cibola,NM,4B,4,B
35007,Colfax,NM,5B,5,B
35009,Curry,NM,4B,4,B
35011,De Baca,NM,4B,4,B
35013,Doa Ana,NM,3B,3,B
35015,Eddy,NM,3B,3,B
35017,Grant,NM,4B,4,B
35019,Guadalupe,NM,4B,4,B
35021,Harding,NM,5B,5,B
35023,Hidalgo,NM,3B,3,B
35025,Lea,NM,3B,3,B
35027,Lincoln,NM,4B,4,B
35028,Los Alamos,NM,5B,5,B
35029,Luna,NM,3B,3,B
35031,McKinley,NM,5B,5,B
35033,Mora,NM,5B,5,B
35035,Otero,NM,3B,3,B
35037,Quay,NM,4B,4,B
35039,Rio Arriba,NM,5B,5,B
35041,Roosevelt,NM,4B,4,B
35045,San Juan,NM,5B,5,B
35047,San Miguel,NM,5B,5,B
35043,Sandoval,NM,5B,5,B
35049,Santa Fe,NM,5B,5,B
35051,Sierra,NM,4B,4,B
35053,Socorro,NM,4B,4,B
35055,Taos,NM,5B,5,B
35057,Torrance,NM,5B,5,B
35059,Union,NM,4B,4,B
35061,Valencia,NM,4B,4,B
32510,Carson City (city),NV,5B,5,B
32001,Churchill,NV,5B,5,B
32003,Clark,NV,3B,3,B
32005,Douglas,NV,5B,5,B
32007,Elko,NV,5B,5,B
32009,Esmeralda,NV,5B,5,B
32011,Eureka,NV,5B,5,B
32013,Humboldt,NV,5B,5,B
32015,Lander,NV,5B,5,B
32017,Lincoln,NV,5B,5,B
32019,Lyon,NV,5B,5,B
32021,Mineral,NV,5B,5,B
32023,Nye,NV,5B,5,B
32027,Pershing,NV,5B,5,B
32029,Storey,NV,5B,5,B
32031,Washoe,NV,5B,5,B
32033,White Pine,NV,5B,5,B
36001,Albany,NY,5A,5,A
36003,Allegany,NY,6A,6,A
36005,Bronx,NY,4A,4,A
36007,Broome,NY,6A,6,A
36009,Cattaraugus,NY,6A,6,A
36011,Cayuga,NY,5A,5,A
36013,Chautauqua,NY,5A,5,A
36015,Chemung,NY,5A,5,A
36017,Chenango,NY,6A,6,A
36019,Clinton,NY,6A,6,A
36021,Columbia,NY,5A,5,A
36023,Cortland,NY,5A,5,A
36025,Delaware,NY,6A,6,A
36027,Dutchess,NY,5A,5,A
36029,Erie,NY,5A,5,A
36031,Essex,NY,6A,6,A
36033,Franklin,NY,6A,6,A
36035,Fulton,NY,6A,6,A
36037,Genesee,NY,5A,5,A
36039,Greene,NY,5A,5,A
36041,Hamilton,NY,6A,6,A
36043,Herkimer,NY,6A,6,A
36045,Jefferson,NY,6A,6,A
36047,Kings,NY,4A,4,A
36049,Lewis,NY,6A,6,A
36051,Livingston,NY,5A,5,A
36053,Madison,NY,6A,6,A
36055,Monroe,NY,5A,5,A
36057,Montgomery,NY,6A,6,A
36059,Nassau,NY,4A,4,A
36061,New York,NY,4A,4,A
36063,Niagara,NY,5A,5,A
36065,Oneida,NY,6A,6,A
36067,Onondaga,NY,5A,5,A
36069,Ontario,NY,5A,5,A
36071,Orange,NY,5A,5,A
36073,Orleans,NY,5A,5,A
36075,Oswego,NY,5A,5,A
36077,Otsego,NY,6A,6,A
36079,Putnam,NY,5A,5,A
36081,Queens,NY,4A,4,A
36083,Rensselaer,NY,5A,5,A
36085,Richmond,NY,4A,4,A
36087,Rockland,NY,5A,5,A
36091,Saratoga,NY,5A,5,A
36093,Schenectady,NY,5A,5,A
36095,Schoharie,NY,6A,6,A
36097,Schuyler,NY,6A,6,A
36099,Seneca,NY,5A,5,A
36089,St. Lawrence,NY,6A,6,A
36101,Steuben,NY,6A,6,A
36103,Suffolk,NY,4A,4,A
36105,Sullivan,NY,6A,6,A
36107,Tioga,NY,5A,5,A
36109,Tompkins,NY,6A,6,A
36111,Ulster,NY,6A,6,A
36113,Warren,NY,6A,6,A
36115,Washington,NY,5A,5,A
36117,Wayne,NY,5A,5,A
36119,Westchester,NY,4A,4,A
36121,Wyoming,NY,6A,6,A
36123,Yates,NY,5A,5,A
39001,Adams,OH,4A,4,A
39003,Allen,OH,5A,5,A
39005,Ashland,OH,5A,5,A
39007,Ashtabula,OH,5A,5,A
39009,Athens,OH,5A,5,A
39011,Auglaize,OH,5A,5,A
39013,Belmont,OH,5A,5,A
39015,Brown,OH,4A,4,A
39017,Butler,OH,5A,5,A
39019,Carroll,OH,5A,5,A
39021,Champaign,OH,5A,5,A
39023,Clark,OH,5A,5,A
39025,Clermont,OH,4A,4,A
39027,Clinton,OH,5A,5,A
39029,Columbiana,OH,5A,5,A
39031,Coshocton,OH,5A,5,A
39033,Crawford,OH,5A,5,A
39035,Cuyahoga,OH,5A,5,A
39037,Darke,OH,5A,5,A
39039,Defiance,OH,5A,5,A
39041,Delaware,OH,5A,5,A
39043,Erie,OH,5A,5,A
39045,Fairfield,OH,5A,5,A
39047,Fayette,OH,5A,5,A
39049,Franklin,OH,5A,5,A
39051,Fulton,OH,5A,5,A
39053,Gallia,OH,4A,4,A
39055,Geauga,OH,5A,5,A
39057,Greene,OH,5A,5,A
39059,Guernsey,OH,5A,5,A
39061,Hamilton,OH,4A,4,A
39063,Hancock,OH,5A,5,A
39065,Hardin,OH,5A,5,A
39067,Harrison,OH,5A,5,A
39069,Henry,OH,5A,5,A
39071,Highland,OH,5A,5,A
39073,Hocking,OH,5A,5,A
39075,Holmes,OH,5A,5,A
39077,Huron,OH,5A,5,A
39079,Jackson,OH,5A,5,A
39081,Jefferson,OH,5A,5,A
39083,Knox,OH,5A,5,A
39085,Lake,OH,5A,5,A
39087,Lawrence,OH,4A,4,A
39089,Licking,OH,5A,5,A
39091,Logan,OH,5A,5,A
39093,Lorain,OH,5A,5,A
39095,Lucas,OH,5A,5,A
39097,Madison,OH,5A,5,A
39099,Mahoning,OH,5A,5,A
39101,Marion,OH,5A,5,A
39103,Medina,OH,5A,5,A
39105,Meigs,OH,5A,5,A
39107,Mercer,OH,5A,5,A
39109,Miami,OH,5A,5,A
39111,Monroe,OH,5A,5,A
39113,Montgomery,OH,5A,5,A
39115,Morgan,OH,5A,5,A
39117,Morrow,OH,5A,5,A
39119,Muskingum,OH,5A,5,A
39121,Noble,OH,5A,5,A
39123,Ottawa,OH,5A,5,A
39125,Paulding,OH,5A,5,A
39127,Perry,OH,5A,5,A
39129,Pickaway,OH,5A,5,A
39131,Pike,OH,4A,4,A
39133,Portage,OH,5A,5,A
39135,Preble,OH,5A,5,A
39137,Putnam,OH,5A,5,A
39139,Richland,OH,5A,5,A
39141,Ross,OH,5A,5,A
39143,Sandusky,OH,5A,5,A
39145,Scioto,OH,4A,4,A
39147,Seneca,OH,5A,5,A
39149,Shelby,OH,5A,5,A
39151,Stark,OH,5A,5,A
39153,Summit,OH,5A,5,A
39155,Trumbull,OH,5A,5,A
39157,Tuscarawas,OH,5A,5,A
39159,Union,OH,5A,5,A
39161,Van Wert,OH,5A,5,A
39163,Vinton,OH,5A,5,A
39165,Warren,OH,5A,5,A
39167,Washington,OH,4A,4,A
39169,Wayne,OH,5A,5,A
39171,Williams,OH,5A,5,A
39173,Wood,OH,5A,5,A
39175,Wyandot,OH,5A,5,A
40001,Adair,OK,3A,3,A
40003,Alfalfa,OK,3A,3,A
40005,Atoka,OK,3A,3,A
40007,Beaver,OK,4B,4,B
40009,Beckham,OK,3A,3,A
40011,Blaine,OK,3A,3,A
40013,Bryan,OK,3A,3,A
40015,Caddo,OK,3A,3,A
40017,Canadian,OK,3A,3,A
40019,Carter,OK,3A,3,A
40021,Cherokee,OK,3A,3,A
40023,Choctaw,OK,3A,3,A
40025,Cimarron,OK,4B,4,B
40027,Cleveland,OK,3A,3,A
40029,Coal,OK,3A,3,A
40031,Comanche,OK,3A,3,A
40033,Cotton,OK,3A,3,A
40035,Craig,OK,3A,3,A
40037,Creek,OK,3A,3,A
40039,Custer,OK,3A,3,A
40041,Delaware,OK,3A,3,A
40043,Dewey,OK,3A,3,A
40045,Ellis,OK,3A,3,A
40047,Garfield,OK,3A,3,A
40049,Garvin,OK,3A,3,A
40051,Grady,OK,3A,3,A
40053,Grant,OK,3A,3,A
40055,Greer,OK,3A,3,A
40057,Harmon,OK,3A,3,A
40059,Harper,OK,3A,3,A
40061,Haskell,OK,3A,3,A
40063,Hughes,OK,3A,3,A
40065,Jackson,OK,3A,3,A
40067,Jefferson,OK,3A,3,A
40069,Johnston,OK,3A,3,A
40071,Kay,OK,3A,3,A
40073,Kingfisher,OK,3A,3,A
40075,Kiowa,OK,3A,3,A
40077,Latimer,OK,3A,3,A
40079,Le Flore,OK,3A,3,A
40081,Lincoln,OK,3A,3,A
40083,Logan,OK,3A,3,A
40085,Love,OK,3A,3,A
40093,Major,OK,3A,3,A
40095,Marshall,OK,3A,3,A
40097,Mayes,OK,3A,3,A
40087,McClain,OK,3A,3,A
40089,McCurtain,OK,3A,3,A
40091,McIntosh,OK,3A,3,A
40099,Murray,OK,3A,3,A
40101,Muskogee,OK,3A,3,A
40103,Noble,OK,3A,3,A
40105,Nowata,OK,3A,3,A
40107,Okfuskee,OK,3A,3,A
40109,Oklahoma,OK,3A,3,A
40111,Okmulgee,OK,3A,3,A
40113,Osage,OK,3A,3,A
40115,Ottawa,OK,3A,3,A
40117,Pawnee,OK,3A,3,A
40119,Payne,OK,3A,3,A
40121,Pittsburg,OK,3A,3,A
40123,Pontotoc,OK,3A,3,A
40125,Pottawatomie,OK,3A,3,A
40127,Pushmataha,OK,3A,3,A
40129,Roger Mills,OK,3A,3,A
40131,Rogers,OK,3A,3,A
40133,Seminole,OK,3A,3,A
40135,Sequoyah,OK,3A,3,A
40137,Stephens,OK,3A,3,A
40139,Texas,OK,4B,4,B
40141,Tillman,OK,3A,3,A
40143,Tulsa,OK,3A,3,A
40145,Wagoner,OK,3A,3,A
40147,Washington,OK,3A,3,A
40149,Washita,OK,3A,3,A
40151,Woods,OK,3A,3,A
40153,Woodward,OK,3A,3,A
41001,Baker,OR,5B,5,B
41003,Benton,OR,4C,4,C
41005,Clackamas,OR,4C,4,C
41007,Clatsop,OR,4C,4,C
41009,Columbia,OR,4C,4,C
41011,Coos,OR,4C,4,C
41013,Crook,OR,5B,5,B
41015,Curry,OR,4C,4,C
41017,Deschutes,OR,5B,5,B
41019,Douglas,OR,4C,4,C
41021,Gilliam,OR,5B,5,B
41023,Grant,OR,5B,5,B
41025,Harney,OR,5B,5,B
41027,Hood River,OR,5B,5,B
41029,Jackson,OR,4C,4,C
41031,Jefferson,OR,5B,5,B
41033,Josephine,OR,4C,4,C
41035,Klamath,OR,5B,5,B
41037,Lake,OR,5B,5,B
41039,Lane,OR,4C,4,C
41041,Lincoln,OR,4C,4,C
41043,Linn,OR,4C,4,C
41045,Malheur,OR,5B,5,B
41047,Marion,OR,4C,4,C
41049,Morrow,OR,5B,5,B
41051,Multnomah,OR,4C,4,C
41053,Polk,OR,4C,4,C
41055,Sherman,OR,5B,5,B
41057,Tillamook,OR,4C,4,C
41059,Umatilla,OR,5B,5,B
41061,Union,OR,5B,5,B
41063,Wallowa,OR,5B,5,B
41065,Wasco,OR,5B,5,B
41067,Washington,OR,4C,4,C
41069,Wheeler,OR,5B,5,B
41071,Yamhill,OR,4C,4,C
42001,Adams,PA,5A,5,A
42003,Allegheny,PA,5A,5,A
42005,Armstrong,PA,5A,5,A
42007,Beaver,PA,5A,5,A
42009,Bedford,PA,5A,5,A
42011,Berks,PA,5A,5,A
42013,Blair,PA,5A,5,A
42015,Bradford,PA,5A,5,A
42017,Bucks,PA,4A,4,A
42019,Butler,PA,5A,5,A
42021,Cambria,PA,5A,5,A
42023,Cameron,PA,6A,6,A
42025,Carbon,PA,5A,5,A
42027,Centre,PA,5A,5,A
42029,Chester,PA,4A,4,A
42031,Clarion,PA,5A,5,A
42033,Clearfield,PA,6A,6,A
42035,Clinton,PA,5A,5,A
42037,Columbia,PA,5A,5,A
42039,Crawford,PA,5A,5,A
42041,Cumberland,PA,5A,5,A
42043,Dauphin,PA,5A,5,A
42045,Delaware,PA,4A,4,A
42047,Elk,PA,6A,6,A
42049,Erie,PA,5A,5,A
42051,Fayette,PA,5A,5,A
42053,Forest,PA,5A,5,A
42055,Franklin,PA,5A,5,A
42057,Fulton,PA,5A,5,A
42059,Greene,PA,5A,5,A
42061,Huntingdon,PA,5A,5,A
42063,Indiana,PA,5A,5,A
42065,Jefferson,PA,5A,5,A
42067,Juniata,PA,5A,5,A
42069,Lackawanna,PA,5A,5,A
42071,Lancaster,PA,5A,5,A
42073,Lawrence,PA,5A,5,A
42075,Lebanon,PA,5A,5,A
42077,Lehigh,PA,5A,5,A
42079,Luzerne,PA,5A,5,A
42081,Lycoming,PA,5A,5,A
42083,McKean,PA,6A,6,A
42085,Mercer,PA,5A,5,A
42087,Mifflin,PA,5A,5,A
42089,Monroe,PA,5A,5,A
42091,Montgomery,PA,4A,4,A
42093,Montour,PA,5A,5,A
42095,Northampton,PA,5A,5,A
42097,Northumberland,PA,5A,5,A
42099,Perry,PA,5A,5,A
42101,Philadelphia,PA,4A,4,A
42103,Pike,PA,5A,5,A
42105,Potter,PA,6A,6,A
42107,Schuylkill,PA,5A,5,A
42109,Snyder,PA,5A,5,A
42111,Somerset,PA,5A,5,A
42113,Sullivan,PA,5A,5,A
42115,Susquehanna,PA,6A,6,A
42117,Tioga,PA,6A,6,A
42119,Union,PA,5A,5,A
42121,Venango,PA,5A,5,A
42123,Warren,PA,5A,5,A
42125,Washington,PA,5A,5,A
42127,Wayne,PA,6A,6,A
42129,Westmoreland,PA,5A,5,A
42131,Wyoming,PA,5A,5,A
42133,York,PA,4A,4,A
72001,Adjuntas,PR,1A,1,A
72003,Aguada,PR,1A,1,A
72005,Aguadilla,PR,1A,1,A
72007,Aguas Buenas,PR,1A,1,A
72009,Aibonito,PR,1A,1,A
72011,Anasco,PR,1A,1,A
72013,Arecibo,PR,1A,1,A
72015,Arroyo,PR,1A,1,A
72017,Barceloneta,PR,1A,1,A
72019,Barranquitas,PR,1A,1,A
72021,Bayamon,PR,1A,1,A
72023,Cabo Rojo,PR,1A,1,A
72025,Caguas,PR,1A,1,A
72027,Camuy,PR,1A,1,A
72029,Canovanas,PR,1A,1,A
72031,Carolina,PR,1A,1,A
72033,Catano,PR,1A,1,A
72035,Cayey,PR,1A,1,A
72037,Ceiba,PR,1A,1,A
72039,Ciales,PR,1A,1,A
72041,Cidra,PR,1A,1,A
72043,Coamo,PR,1A,1,A
72045,Comerio,PR,1A,1,A
72047,Corozal,PR,1A,1,A
72049,Culebra,PR,1A,1,A
72051,Dorado,PR,1A,1,A
72053,Fajardo,PR,1A,1,A
72054,Florida,PR,1A,1,A
72055,Guanica,PR,1A,1,A
72057,Guayama,PR,1A,1,A
72059,Guayanilla,PR,1A,1,A
72061,Guaynabo,PR,1A,1,A
72063,Gurabo,PR,1A,1,A
72065,Hatillo,PR,1A,1,A
72067,Hormigueros,PR,1A,1,A
72069,Humacao,PR,1A,1,A
72071,Isabela,PR,1A,1,A
72073,Jayuya,PR,1A,1,A
72075,Juana Diaz,PR,1A,1,A
72077,Juncos,PR,1A,1,A
72079,Lajas,PR,1A,1,A
72081,Lares,PR,1A,1,A
72083,Las Marias,PR,1A,1,A
72085,Las Piedras,PR,1A,1,A
72087,Loiza,PR,1A,1,A
72089,Luquillo,PR,1A,1,A
72091,Manati,PR,1A,1,A
72093,Maricao,PR,1A,1,A
72095,Maunabo,PR,1A,1,A
72097,Mayaguez,PR,1A,1,A
72099,Moca,PR,1A,1,A
72101,Morovis,PR,1A,1,A
72103,Naguabo,PR,1A,1,A
72105,Naranjito,PR,1A,1,A
72107,Orocovis,PR,1A,1,A
72109,Patillas,PR,1A,1,A
72111,Penuelas,PR,1A,1,A
72113,Ponce,PR,1A,1,A
72115,Quebradillas,PR,1A,1,A
72117,Rincon,PR,1A,1,A
72119,Rio Grande,PR,1A,1,A
72121,Sabana Grande,PR,1A,1,A
72123,Salinas,PR,1A,1,A
72125,San German,PR,1A,1,A
72127,San Juan,PR,1A,1,A
72129,San Lorenzo,PR,1A,1,A
72131,San Sebastian,PR,1A,1,A
72133,Santa Isabel,PR,1A,1,A
72135,Toa Alta,PR,1A,1,A
72137,Toa Baja,PR,1A,1,A
72139,Trujillo Alto,PR,1A,1,A
72141,Utuado,PR,1A,1,A
72143,Vega Alta,PR,1A,1,A
72145,Vega Baja,PR,1A,1,A
72147,Vieques,PR,1A,1,A
72149,Villalba,PR,1A,1,A
72151,Yabucoa,PR,1A,1,A
72153,Yauco,PR,1A,1,A
44001,Bristol,RI,5A,5,A
44003,Kent,RI,5A,5,A
44005,Newport,RI,5A,5,A
44007,Providence,RI,5A,5,A
44009,Washington,RI,5A,5,A
45001,Abbeville,SC,3A,3,A
45003,Aiken,SC,3A,3,A
45005,Allendale,SC,3A,3,A
45007,Anderson,SC,3A,3,A
45009,Bamberg,SC,3A,3,A
45011,Barnwell,SC,3A,3,A
45013,Beaufort,SC,3A,3,A
45015,Berkeley,SC,3A,3,A
45017,Calhoun,SC,3A,3,A
45019,Charleston,SC,3A,3,A
45021,Cherokee,SC,3A,3,A
45023,Chester,SC,3A,3,A
45025,Chesterfield,SC,3A,3,A
45027,Clarendon,SC,3A,3,A
45029,Colleton,SC,3A,3,A
45031,Darlington,SC,3A,3,A
45033,Dillon,SC,3A,3,A
45035,Dorchester,SC,3A,3,A
45037,Edgefield,SC,3A,3,A
45039,Fairfield,SC,3A,3,A
45041,Florence,SC,3A,3,A
45043,Georgetown,SC,3A,3,A
45045,Greenville,SC,3A,3,A
45047,Greenwood,SC,3A,3,A
45049,Hampton,SC,3A,3,A
45051,Horry,SC,3A,3,A
45053,Jasper,SC,3A,3,A
45055,Kershaw,SC,3A,3,A
45057,Lancaster,SC,3A,3,A
45059,Laurens,SC,3A,3,A
45061,Lee,SC,3A,3,A
45063,Lexington,SC,3A,3,A
45067,Marion,SC,3A,3,A
45069,Marlboro,SC,3A,3,A
45065,McCormick,SC,3A,3,A
45071,Newberry,SC,3A,3,A
45073,Oconee,SC,3A,3,A
45075,Orangeburg,SC,3A,3,A
45077,Pickens,SC,3A,3,A
45079,Richland,SC,3A,3,A
45081,Saluda,SC,3A,3,A
45083,Spartanburg,SC,3A,3,A
45085,Sumter,SC,3A,3,A
45087,Union,SC,3A,3,A
45089,Williamsburg,SC,3A,3,A
45091,York,SC,3A,3,A
46003,Aurora,SD,6A,6,A
46005,Beadle,SD,6A,6,A
46007,Bennett,SD,5A,5,A
46009,Bon Homme,SD,5A,5,A
46011,Brookings,SD,6A,6,A
46013,Brown,SD,6A,6,A
46015,Brule,SD,6A,6,A
46017,Buffalo,SD,6A,6,A
46019,Butte,SD,6A,6,A
46021,Campbell,SD,6A,6,A
46023,Charles Mix,SD,5A,5,A
46025,Clark,SD,6A,6,A
46027,Clay,SD,5A,5,A
46029,Codington,SD,6A,6,A
46031,Corson,SD,6A,6,A
46033,Custer,SD,6A,6,A
46035,Davison,SD,6A,6,A
46037,Day,SD,6A,6,A
46039,Deuel,SD,6A,6,A
46041,Dewey,SD,6A,6,A
46043,Douglas,SD,5A,5,A
46045,Edmunds,SD,6A,6,A
46047,Fall River,SD,6A,6,A
46049,Faulk,SD,6A,6,A
46051,Grant,SD,6A,6,A
46053,Gregory,SD,5A,5,A
46055,Haakon,SD,6A,6,A
46057,Hamlin,SD,6A,6,A
46059,Hand,SD,6A,6,A
46061,Hanson,SD,6A,6,A
46063,Harding,SD,6A,6,A
46065,Hughes,SD,6A,6,A
46067,Hutchinson,SD,5A,5,A
46069,Hyde,SD,6A,6,A
46071,Jackson,SD,5A,5,A
46073,Jerauld,SD,6A,6,A
46075,Jones,SD,6A,6,A
46077,Kingsbury,SD,6A,6,A
46079,Lake,SD,6A,6,A
46081,Lawrence,SD,6A,6,A
46083,Lincoln,SD,6A,6,A
46085,Lyman,SD,6A,6,A
46091,Marshall,SD,6A,6,A
46087,McCook,SD,6A,6,A
46089,McPherson,SD,6A,6,A
46093,Meade,SD,6A,6,A
46095,Mellette,SD,5A,5,A
46097,Miner,SD,6A,6,A
46099,Minnehaha,SD,6A,6,A
46101,Moody,SD,6A,6,A
46102,Oglala Lakota,SD,6A,6,A
46103,Pennington,SD,6A,6,A
46105,Perkins,SD,6A,6,A
46107,Potter,SD,6A,6,A
46109,Roberts,SD,6A,6,A
46111,Sanborn,SD,6A,6,A
46115,Spink,SD,6A,6,A
46117,Stanley,SD,6A,6,A
46119,Sully,SD,6A,6,A
46121,Todd,SD,5A,5,A
46123,Tripp,SD,5A,5,A
46125,Turner,SD,6A,6,A
46127,Union,SD,5A,5,A
46129,Walworth,SD,6A,6,A
46135,Yankton,SD,5A,5,A
46137,Ziebach,SD,6A,6,A
47001,Anderson,TN,4A,4,A
47003,Bedford,TN,4A,4,A
47005,Benton,TN,4A,4,A
47007,Bledsoe,TN,4A,4,A
47009,Blount,TN,4A,4,A
47011,Bradley,TN,4A,4,A
47013,Campbell,TN,4A,4,A
47015,Cannon,TN,4A,4,A
47017,Carroll,TN,4A,4,A
47019,Carter,TN,4A,4,A
47021,Cheatham,TN,4A,4,A
47023,Chester,TN,3A,3,A
47025,Claiborne,TN,4A,4,A
47027,Clay,TN,4A,4,A
47029,Cocke,TN,4A,4,A
47031,Coffee,TN,4A,4,A
47033,Crockett,TN,3A,3,A
47035,Cumberland,TN,4A,4,A
47037,Davidson,TN,4A,4,A
47039,Decatur,TN,4A,4,A
47041,DeKalb,TN,4A,4,A
47043,Dickson,TN,4A,4,A
47045,Dyer,TN,3A,3,A
47047,Fayette,TN,3A,3,A
47049,Fentress,TN,4A,4,A
47051,Franklin,TN,4A,4,A
47053,Gibson,TN,4A,4,A
47055,Giles,TN,4A,4,A
47057,Grainger,TN,4A,4,A
47059,Greene,TN,4A,4,A
47061,Grundy,TN,4A,4,A
47063,Hamblen,TN,4A,4,A
47065,Hamilton,TN,4A,4,A
47067,Hancock,TN,4A,4,A
47069,Hardeman,TN,3A,3,A
47071,Hardin,TN,3A,3,A
47073,Hawkins,TN,4A,4,A
47075,Haywood,TN,3A,3,A
47077,Henderson,TN,3A,3,A
47079,Henry,TN,4A,4,A
47081,Hickman,TN,4A,4,A
47083,Houston,TN,4A,4,A
47085,Humphreys,TN,4A,4,A
47087,Jackson,TN,4A,4,A
47089,Jefferson,TN,4A,4,A
47091,Johnson,TN,4A,4,A
47093,Knox,TN,4A,4,A
47095,Lake,TN,3A,3,A
47097,Lauderdale,TN,3A,3,A
47099,Lawrence,TN,4A,4,A
47101,Lewis,TN,4A,4,A
47103,Lincoln,TN,4A,4,A
47105,Loudon,TN,4A,4,A
47111,Macon,TN,4A,4,A
47113,Madison,TN,3A,3,A
47115,Marion,TN,4A,4,A
47117,Marshall,TN,4A,4,A
47119,Maury,TN,4A,4,A
47107,McMinn,TN,4A,4,A
47109,McNairy,TN,3A,3,A
47121,Meigs,TN,4A,4,A
47123,Monroe,TN,4A,4,A
47125,Montgomery,TN,4A,4,A
47127,Moore,TN,4A,4,A
47129,Morgan,TN,4A,4,A
47131,Obion,TN,4A,4,A
47133,Overton,TN,4A,4,A
47135,Perry,TN,4A,4,A
47137,Pickett,TN,4A,4,A
47139,Polk,TN,4A,4,A
47141,Putnam,TN,4A,4,A
47143,Rhea,TN,4A,4,A
47145,Roane,TN,4A,4,A
47147,Robertson,TN,4A,4,A
47149,Rutherford,TN,4A,4,A
47151,Scott,TN,4A,4,A
47153,Sequatchie,TN,4A,4,A
47155,Sevier,TN,4A,4,A
47157,Shelby,TN,3A,3,A
47159,Smith,TN,4A,4,A
47161,Stewart,TN,4A,4,A
47163,Sullivan,TN,4A,4,A
47165,Sumner,TN,4A,4,A
47167,Tipton,TN,3A,3,A
47169,Trousdale,TN,4A,4,A
47171,Unicoi,TN,4A,4,A
47173,Union,TN,4A,4,A
47175,Van Buren,TN,4A,4,A
47177,Warren,TN,4A,4,A
47179,Washington,TN,4A,4,A
47181,Wayne,TN,4A,4,A
47183,Weakley,TN,4A,4,A
47185,White,TN,4A,4,A
47187,Williamson,TN,4A,4,A
47189,Wilson,TN,4A,4,A
48001,Anderson,TX,2A,2,A
48003,Andrews,TX,3B,3,B
48005,Angelina,TX,2A,2,A
48007,Aransas,TX,2A,2,A
48009,Archer,TX,3A,3,A
48011,Armstrong,TX,4B,4,B
48013,Atascosa,TX,2A,2,A
48015,Austin,TX,2A,2,A
48017,Bailey,TX,4B,4,B
48019,Bandera,TX,2B,2,B
48021,Bastrop,TX,2A,2,A
48023,Baylor,TX,3B,3,B
48025,Bee,TX,2A,2,A
48027,Bell,TX,2A,2,A
48029,Bexar,TX,2A,2,A
48031,Blanco,TX,3A,3,A
48033,Borden,TX,3B,3,B
48035,Bosque,TX,2A,2,A
48037,Bowie,TX,3A,3,A
48039,Brazoria,TX,2A,2,A
48041,Brazos,TX,2A,2,A
48043,Brewster,TX,3B,3,B
48045,Briscoe,TX,4B,4,B
48047,Brooks,TX,2A,2,A
48049,Brown,TX,3A,3,A
48051,Burleson,TX,2A,2,A
48053,Burnet,TX,3A,3,A
48055,Caldwell,TX,2A,2,A
48057,Calhoun,TX,2A,2,A
48059,Callahan,TX,3B,3,B
48061,Cameron,TX,2A,2,A
48063,Camp,TX,3A,3,A
48065,Carson,TX,4B,4,B
48067,Cass,TX,3A,3,A
48069,Castro,TX,4B,4,B
48071,Chambers,TX,2A,2,A
48073,Cherokee,TX,2A,2,A
48075,Childress,TX,3B,3,B
48077,Clay,TX,3A,3,A
48079,Cochran,TX,4B,4,B
48081,Coke,TX,3B,3,B
48083,Coleman,TX,3B,3,B
48085,Collin,TX,3A,3,A
48087,Collingsworth,TX,3B,3,B
48089,Colorado,TX,2A,2,A
48091,Comal,TX,2A,2,A
48093,Comanche,TX,3A,3,A
48095,Concho,TX,3B,3,B
48097,Cooke,TX,3A,3,A
48099,Coryell,TX,2A,2,A
48101,Cottle,TX,3B,3,B
48103,Crane,TX,3B,3,B
48105,Crockett,TX,3B,3,B
48107,Crosby,TX,3B,3,B
48109,Culberson,TX,3B,3,B
48111,Dallam,TX,4B,4,B
48113,Dallas,TX,3A,3,A
48115,Dawson,TX,3B,3,B
48117,Deaf Smith,TX,4B,4,B
48119,Delta,TX,3A,3,A
48121,Denton,TX,3A,3,A
48123,DeWitt,TX,2A,2,A
48125,Dickens,TX,3B,3,B
48127,Dimmit,TX,2B,2,B
48129,Donley,TX,4B,4,B
48131,Duval,TX,2A,2,A
48133,Eastland,TX,3A,3,A
48135,Ector,TX,3B,3,B
48137,Edwards,TX,2B,2,B
48141,El Paso,TX,3B,3,B
48139,Ellis,TX,3A,3,A
48143,Erath,TX,3A,3,A
48145,Falls,TX,2A,2,A
48147,Fannin,TX,3A,3,A
48149,Fayette,TX,2A,2,A
48151,Fisher,TX,3B,3,B
48153,Floyd,TX,4B,4,B
48155,Foard,TX,3B,3,B
48157,Fort Bend,TX,2A,2,A
48159,Franklin,TX,3A,3,A
48161,Freestone,TX,2A,2,A
48163,Frio,TX,2B,2,B
48165,Gaines,TX,3B,3,B
48167,Galveston,TX,2A,2,A
48169,Garza,TX,3B,3,B
48171,Gillespie,TX,3A,3,A
48173,Glasscock,TX,3B,3,B
48175,Goliad,TX,2A,2,A
48177,Gonzales,TX,2A,2,A
48179,Gray,TX,4B,4,B
48181,Grayson,TX,3A,3,A
48183,Gregg,TX,3A,3,A
48185,Grimes,TX,2A,2,A
48187,Guadalupe,TX,2A,2,A
48189,Hale,TX,4B,4,B
48191,Hall,TX,3B,3,B
48193,Hamilton,TX,3A,3,A
48195,Hansford,TX,4B,4,B
48197,Hardeman,TX,3B,3,B
48199,Hardin,TX,2A,2,A
48201,Harris,TX,2A,2,A
48203,Harrison,TX,3A,3,A
48205,Hartley,TX,4B,4,B
48207,Haskell,TX,3B,3,B
48209,Hays,TX,2A,2,A
48211,Hemphill,TX,3B,3,B
48213,Henderson,TX,3A,3,A
48215,Hidalgo,TX,2A,2,A
48217,Hill,TX,2A,2,A
48219,Hockley,TX,4B,4,B
48221,Hood,TX,3A,3,A
48223,Hopkins,TX,3A,3,A
48225,Houston,TX,2A,2,A
48227,Howard,TX,3B,3,B
48229,Hudspeth,TX,3B,3,B
48231,Hunt,TX,3A,3,A
48233,Hutchinson,TX,4B,4,B
48235,Irion,TX,3B,3,B
48237,Jack,TX,3A,3,A
48239,Jackson,TX,2A,2,A
48241,Jasper,TX,2A,2,A
48243,Jeff Davis,TX,3B,3,B
48245,Jefferson,TX,2A,2,A
48247,Jim Hogg,TX,2A,2,A
48249,Jim Wells,TX,2A,2,A
48251,Johnson,TX,3A,3,A
48253,Jones,TX,3B,3,B
48255,Karnes,TX,2A,2,A
48257,Kaufman,TX,3A,3,A
48259,Kendall,TX,3A,3,A
48261,Kenedy,TX,2A,2,A
48263,Kent,TX,3B,3,B
48265,Kerr,TX,3B,3,B
48267,Kimble,TX,3B,3,B
48269,King,TX,3B,3,B
48271,Kinney,TX,2B,2,B
48273,Kleberg,TX,2A,2,A
48275,Knox,TX,3B,3,B
48283,La Salle,TX,2B,2,B
48277,Lamar,TX,3A,3,A
48279,Lamb,TX,4B,4,B
48281,Lampasas,TX,3A,3,A
48285,Lavaca,TX,2A,2,A
48287,Lee,TX,2A,2,A
48289,Leon,TX,2A,2,A
48291,Liberty,TX,2A,2,A
48293,Limestone,TX,2A,2,A
48295,Lipscomb,TX,4B,4,B
48297,Live Oak,TX,2A,2,A
48299,Llano,TX,3A,3,A
48301,Loving,TX,3B,3,B
48303,Lubbock,TX,3B,3,B
48305,Lynn,TX,3B,3,B
48307,McCulloch,TX,3B,3,B
48309,McLennan,TX,2A,2,A
48311,McMullen,TX,2A,2,A
48313,Madison,TX,2A,2,A
48315,Marion,TX,3A,3,A
48317,Martin,TX,3B,3,B
48319,Mason,TX,3B,3,B
48321,Matagorda,TX,2A,2,A
48323,Maverick,TX,2B,2,B
48325,Medina,TX,2B,2,B
48327,Menard,TX,3B,3,B
48329,Midland,TX,3B,3,B
48331,Milam,TX,2A,2,A
48333,Mills,TX,3A,3,A
48335,Mitchell,TX,3B,3,B
48337,Montague,TX,3A,3,A
48339,Montgomery,TX,2A,2,A
48341,Moore,TX,4B,4,B
48343,Morris,TX,3A,3,A
48345,Motley,TX,3B,3,B
48347,Nacogdoches,TX,3A,3,A
48349,Navarro,TX,3A,3,A
48351,Newton,TX,2A,2,A
48353,Nolan,TX,3B,3,B
48355,Nueces,TX,2A,2,A
48357,Ochiltree,TX,4B,4,B
48359,Oldham,TX,4B,4,B
48361,Orange,TX,2A,2,A
48363,Palo Pinto,TX,3A,3,A
48365,Panola,TX,3A,3,A
48367,Parker,TX,3A,3,A
48369,Parmer,TX,4B,4,B
48371,Pecos,TX,3B,3,B
48373,Polk,TX,2A,2,A
48375,Potter,TX,4B,4,B
48377,Presidio,TX,3B,3,B
48379,Rains,TX,3A,3,A
48381,Randall,TX,4B,4,B
48383,Reagan,TX,3B,3,B
48385,Real,TX,2B,2,B
48387,Red River,TX,3A,3,A
48389,Reeves,TX,3B,3,B
48391,Refugio,TX,2A,2,A
48393,Roberts,TX,4B,4,B
48395,Robertson,TX,2A,2,A
48397,Rockwall,TX,3A,3,A
48399,Runnels,TX,3B,3,B
48401,Rusk,TX,3A,3,A
48403,Sabine,TX,3A,3,A
48405,San Augustine,TX,3A,3,A
48407,San Jacinto,TX,2A,2,A
48409,San Patricio,TX,2A,2,A
48411,San Saba,TX,3A,3,A
48413,Schleicher,TX,3B,3,B
48415,Scurry,TX,3B,3,B
48417,Shackelford,TX,3B,3,B
48419,Shelby,TX,3A,3,A
48421,Sherman,TX,4B,4,B
48423,Smith,TX,3A,3,A
48425,Somervell,TX,3A,3,A
48427,Starr,TX,2A,2,A
48429,Stephens,TX,3A,3,A
48431,Sterling,TX,3B,3,B
48433,Stonewall,TX,3B,3,B
48435,Sutton,TX,3B,3,B
48437,Swisher,TX,4B,4,B
48439,Tarrant,TX,3A,3,A
48441,Taylor,TX,3B,3,B
48443,Terrell,TX,3B,3,B
48445,Terry,TX,3B,3,B
48447,Throckmorton,TX,3B,3,B
48449,Titus,TX,3A,3,A
48451,Tom Green,TX,3B,3,B
48453,Travis,TX,2A,2,A
48455,Trinity,TX,2A,2,A
48457,Tyler,TX,2A,2,A
48459,Upshur,TX,3A,3,A
48461,Upton,TX,3B,3,B
48463,Uvalde,TX,2B,2,B
48465,Val Verde,TX,2B,2,B
48467,Van Zandt,TX,3A,3,A
48469,Victoria,TX,2A,2,A
48471,Walker,TX,2A,2,A
48473,Waller,TX,2A,2,A
48475,Ward,TX,3B,3,B
48477,Washington,TX,2A,2,A
48479,Webb,TX,2B,2,B
48481,Wharton,TX,2A,2,A
48483,Wheeler,TX,3B,3,B
48485,Wichita,TX,3A,3,A
48487,Wilbarger,TX,3B,3,B
48489,Willacy,TX,2A,2,A
48491,Williamson,TX,2A,2,A
48493,Wilson,TX,2A,2,A
48495,Winkler,TX,3B,3,B
48497,Wise,TX,3A,3,A
48499,Wood,TX,3A,3,A
48501,Yoakum,TX,4B,4,B
48503,Young,TX,3A,3,A
48505,Zapata,TX,2B,2,B
48507,Zavala,TX,2B,2,B
74300,Midway Islands,UM,1A,1,A
49001,Beaver,UT,5B,5,B
49003,Box Elder,UT,6B,6,B
49005,Cache,UT,6B,6,B
49007,Carbon,UT,6B,6,B
49009,Daggett,UT,6B,6,B
49011,Davis,UT,5B,5,B
49013,Duchesne,UT,6B,6,B
49015,Emery,UT,5B,5,B
49017,Garfield,UT,5B,5,B
49019,Grand,UT,5B,5,B
49021,Iron,UT,5B,5,B
49023,Juab,UT,5B,5,B
49025,Kane,UT,5B,5,B
49027,Millard,UT,5B,5,B
49029,Morgan,UT,6B,6,B
49031,Piute,UT,5B,5,B
49033,Rich,UT,6B,6,B
49035,Salt Lake,UT,5B,5,B
49037,San Juan,UT,5B,5,B
49039,Sanpete,UT,5B,5,B
49041,Sevier,UT,5B,5,B
49043,Summit,UT,6B,6,B
49045,Tooele,UT,5B,5,B
49047,Uintah,UT,6B,6,B
49049,Utah,UT,5B,5,B
49051,Wasatch,UT,6B,6,B
49053,Washington,UT,3B,3,B
49055,Wayne,UT,5B,5,B
49057,Weber,UT,5B,5,B
51001,Accomack,VA,4A,4,A
51003,Albemarle,VA,4A,4,A
51510,Alexandria (city),VA,4A,4,A
51005,Alleghany,VA,4A,4,A
51007,Amelia,VA,4A,4,A
51009,Amherst,VA,4A,4,A
51011,Appomattox,VA,4A,4,A
51013,Arlington,VA,4A,4,A
51015,Augusta,VA,4A,4,A
51017,Bath,VA,4A,4,A
51019,Bedford,VA,4A,4,A
51515,Bedford (city),VA,4A,4,A
51021,Bland,VA,4A,4,A
51023,Botetourt,VA,4A,4,A
51520,Bristol (city),VA,4A,4,A
51025,Brunswick,VA,4A,4,A
51027,Buchanan,VA,4A,4,A
51029,Buckingham,VA,4A,4,A
51530,Buena Vista (city),VA,4A,4,A
51031,Campbell,VA,4A,4,A
51033,Caroline,VA,4A,4,A
51035,Carroll,VA,4A,4,A
51036,Charles City,VA,4A,4,A
51037,Charlotte,VA,4A,4,A
51540,Charlottesville (city),VA,4A,4,A
51550,Chesapeake (city),VA,4A,4,A
51041,Chesterfield,VA,4A,4,A
51043,Clarke,VA,4A,4,A
51570,Colonial Heights (city),VA,4A,4,A
51580,Covington (city),VA,4A,4,A
51045,Craig,VA,4A,4,A
51047,Culpeper,VA,4A,4,A
51049,Cumberland,VA,4A,4,A
51590,Danville (city),VA,4A,4,A
51051,Dickenson,VA,4A,4,A
51053,Dinwiddie,VA,4A,4,A
51595,Emporia (city),VA,4A,4,A
51057,Essex,VA,4A,4,A
51059,Fairfax,VA,4A,4,A
51600,Fairfax (city),VA,4A,4,A
51610,Falls Church (city),VA,4A,4,A
51061,Fauquier,VA,4A,4,A
51063,Floyd,VA,4A,4,A
51065,Fluvanna,VA,4A,4,A
51067,Franklin,VA,4A,4,A
51620,Franklin (city),VA,4A,4,A
51069,Frederick,VA,4A,4,A
51630,Fredericksburg (city),VA,4A,4,A
51640,Galax (city),VA,4A,4,A
51071,Giles,VA,4A,4,A
51073,Gloucester,VA,4A,4,A
51075,Goochland,VA,4A,4,A
51077,Grayson,VA,4A,4,A
51079,Greene,VA,4A,4,A
51081,Greensville,VA,4A,4,A
51083,Halifax,VA,4A,4,A
51650,Hampton (city),VA,4A,4,A
51085,Hanover,VA,4A,4,A
51660,Harrisonburg (city),VA,4A,4,A
51087,Henrico,VA,4A,4,A
51089,Henry,VA,4A,4,A
51091,Highland,VA,4A,4,A
51670,Hopewell (city),VA,4A,4,A
51093,Isle of Wight,VA,4A,4,A
51095,James City,VA,4A,4,A
51097,King and Queen,VA,4A,4,A
51099,King George,VA,4A,4,A
51101,King William,VA,4A,4,A
51103,Lancaster,VA,4A,4,A
51105,Lee,VA,4A,4,A
51678,Lexington (city),VA,4A,4,A
51107,Loudoun,VA,4A,4,A
51109,Louisa,VA,4A,4,A
51111,Lunenburg,VA,4A,4,A
51680,Lynchburg (city),VA,4A,4,A
51113,Madison,VA,4A,4,A
51683,Manassas (city),VA,4A,4,A
51685,Manassas Park (city),VA,4A,4,A
51690,Martinsville (city),VA,4A,4,A
51115,Mathews,VA,4A,4,A
51117,Mecklenburg,VA,4A,4,A
51119,Middlesex,VA,4A,4,A
51121,Montgomery,VA,4A,4,A
51125,Nelson,VA,4A,4,A
51127,New Kent,VA,4A,4,A
51700,Newport News (city),VA,4A,4,A
51710,Norfolk (city),VA,4A,4,A
51131,Northampton,VA,4A,4,A
51133,Northumberland,VA,4A,4,A
51720,Norton (city),VA,4A,4,A
51135,Nottoway,VA,4A,4,A
51137,Orange,VA,4A,4,A
51139,Page,VA,4A,4,A
51141,Patrick,VA,4A,4,A
51730,Petersburg (city),VA,4A,4,A
51143,Pittsylvania,VA,4A,4,A
51735,Poquoson (city),VA,4A,4,A
51740,Portsmouth (city),VA,4A,4,A
51145,Powhatan,VA,4A,4,A
51147,Prince Edward,VA,4A,4,A
51149,Prince George,VA,4A,4,A
51153,Prince William,VA,4A,4,A
51155,Pulaski,VA,4A,4,A
51750,Radford (city),VA,4A,4,A
51157,Rappahannock,VA,4A,4,A
51159,Richmond,VA,4A,4,A
51760,Richmond (city),VA,4A,4,A
51161,Roanoke,VA,4A,4,A
51770,Roanoke (city),VA,4A,4,A
51163,Rockbridge,VA,4A,4,A
51165,Rockingham,VA,4A,4,A
51167,Russell,VA,4A,4,A
51775,Salem (city),VA,4A,4,A
51169,Scott,VA,4A,4,A
51171,Shenandoah,VA,4A,4,A
51173,Smyth,VA,4A,4,A
51175,Southampton,VA,4A,4,A
51177,Spotsylvania,VA,4A,4,A
51179,Stafford,VA,4A,4,A
51790,Staunton (city),VA,4A,4,A
51800,Suffolk (city),VA,4A,4,A
51181,Surry,VA,4A,4,A
51183,Sussex,VA,4A,4,A
51185,Tazewell,VA,4A,4,A
51810,Virginia Beach (city),VA,4A,4,A
51187,Warren,VA,4A,4,A
51191,Washington,VA,4A,4,A
51820,Waynesboro (city),VA,4A,4,A
51193,Westmoreland,VA,4A,4,A
51830,Williamsburg (city),VA,4A,4,A
51840,Winchester (city),VA,4A,4,A
51195,Wise,VA,4A,4,A
51197,Wythe,VA,4A,4,A
51199,York,VA,4A,4,A
78010,St. Croix Island,VI,1A,1,A
78020,St. John Island,VI,1A,1,A
78030,St. Thomas Island,VI,1A,1,A
50001,Addison,VT,6A,6,A
50003,Bennington,VT,6A,6,A
50005,Caledonia,VT,6A,6,A
50007,Chittenden,VT,6A,6,A
50009,Essex,VT,6A,6,A
50011,Franklin,VT,6A,6,A
50013,Grand Isle,VT,6A,6,A
50015,Lamoille,VT,6A,6,A
50017,Orange,VT,6A,6,A
50019,Orleans,VT,6A,6,A
50021,Rutland,VT,6A,6,A
50023,Washington,VT,6A,6,A
50025,Windham,VT,6A,6,A
50027,Windsor,VT,6A,6,A
53001,Adams,WA,5B,5,B
53003,Asotin,WA,5B,5,B
53005,Benton,WA,5B,5,B
53007,Chelan,WA,5B,5,B
53009,Clallam,WA,4C,4,C
53011,Clark,WA,4C,4,C
53013,Columbia,WA,5B,5,B
53015,Cowlitz,WA,4C,4,C
53017,Douglas,WA,5B,5,B
53019,Ferry,WA,6B,6,B
53021,Franklin,WA,5B,5,B
53023,Garfield,WA,5B,5,B
53025,Grant,WA,5B,5,B
53027,Grays Harbor,WA,4C,4,C
53029,Island,WA,4C,4,C
53031,Jefferson,WA,4C,4,C
53033,King,WA,4C,4,C
53035,Kitsap,WA,4C,4,C
53037,Kittitas,WA,5B,5,B
53039,Klickitat,WA,5B,5,B
53041,Lewis,WA,4C,4,C
53043,Lincoln,WA,5B,5,B
53045,Mason,WA,4C,4,C
53047,Okanogan,WA,6B,6,B
53049,Pacific,WA,4C,4,C
53051,Pend Oreille,WA,6B,6,B
53053,Pierce,WA,4C,4,C
53055,San Juan,WA,4C,4,C
53057,Skagit,WA,4C,4,C
53059,Skamania,WA,5B,5,B
53061,Snohomish,WA,4C,4,C
53063,Spokane,WA,5B,5,B
53065,Stevens,WA,6B,6,B
53067,Thurston,WA,4C,4,C
53069,Wahkiakum,WA,4C,4,C
53071,Walla Walla,WA,5B,5,B
53073,Whatcom,WA,4C,4,C
53075,Whitman,WA,5B,5,B
53077,Yakima,WA,5B,5,B
55001,Adams,WI,6A,6,A
55003,Ashland,WI,7,7,
55005,Barron,WI,6A,6,A
55007,Bayfield,WI,7,7,
55009,Brown,WI,6A,6,A
55011,Buffalo,WI,6A,6,A
55013,Burnett,WI,7,7,
55015,Calumet,WI,6A,6,A
55017,Chippewa,WI,6A,6,A
55019,Clark,WI,6A,6,A
55021,Columbia,WI,6A,6,A
55023,Crawford,WI,6A,6,A
55025,Dane,WI,6A,6,A
55027,Dodge,WI,6A,6,A
55029,Door,WI,6A,6,A
55031,Douglas,WI,7,7,
55033,Dunn,WI,6A,6,A
55035,Eau Claire,WI,6A,6,A
55037,Florence,WI,7,7,
55039,Fond du Lac,WI,6A,6,A
55041,Forest,WI,7,7,
55043,Grant,WI,6A,6,A
55045,Green,WI,6A,6,A
55047,Green Lake,WI,6A,6,A
55049,Iowa,WI,6A,6,A
55051,Iron,WI,7,7,
55053,Jackson,WI,6A,6,A
55055,Jefferson,WI,6A,6,A
55057,Juneau,WI,6A,6,A
55059,Kenosha,WI,6A,6,A
55061,Kewaunee,WI,6A,6,A
55063,La Crosse,WI,6A,6,A
55065,Lafayette,WI,6A,6,A
55067,Langlade,WI,7,7,
55069,Lincoln,WI,7,7,
55071,Manitowoc,WI,6A,6,A
55073,Marathon,WI,6A,6,A
55075,Marinette,WI,6A,6,A
55077,Marquette,WI,6A,6,A
55078,Menominee,WI,6A,6,A
55079,Milwaukee,WI,6A,6,A
55081,Monroe,WI,6A,6,A
55083,Oconto,WI,6A,6,A
55085,Oneida,WI,7,7,
55087,Outagamie,WI,6A,6,A
55089,Ozaukee,WI,6A,6,A
55091,Pepin,WI,6A,6,A
55093,Pierce,WI,6A,6,A
55095,Polk,WI,6A,6,A
55097,Portage,WI,6A,6,A
55099,Price,WI,7,7,
55101,Racine,WI,6A,6,A
55103,Richland,WI,6A,6,A
55105,Rock,WI,6A,6,A
55107,Rusk,WI,6A,6,A
55111,Sauk,WI,6A,6,A
55113,Sawyer,WI,7,7,
55115,Shawano,WI,6A,6,A
55117,Sheboygan,WI,6A,6,A
55109,St. Croix,WI,6A,6,A
55119,Taylor,WI,7,7,
55121,Trempealeau,WI,6A,6,A
55123,Vernon,WI,6A,6,A
55125,Vilas,WI,7,7,
55127,Walworth,WI,6A,6,A
55129,Washburn,WI,7,7,
55131,Washington,WI,6A,6,A
55133,Waukesha,WI,6A,6,A
55135,Waupaca,WI,6A,6,A
55137,Waushara,WI,6A,6,A
55139,Winnebago,WI,6A,6,A
55141,Wood,WI,6A,6,A
54001,Barbour,WV,5A,5,A
54003,Berkeley,WV,4A,4,A
54005,Boone,WV,4A,4,A
54007,Braxton,WV,4A,4,A
54009,Brooke,WV,5A,5,A
54011,Cabell,WV,4A,4,A
54013,Calhoun,WV,4A,4,A
54015,Clay,WV,4A,4,A
54017,Doddridge,WV,5A,5,A
54019,Fayette,WV,5A,5,A
54021,Gilmer,WV,4A,4,A
54023,Grant,WV,5A,5,A
54025,Greenbrier,WV,5A,5,A
54027,Hampshire,WV,5A,5,A
54029,Hancock,WV,5A,5,A
54031,Hardy,WV,5A,5,A
54033,Harrison,WV,5A,5,A
54035,Jackson,WV,4A,4,A
54037,Jefferson,WV,4A,4,A
54039,Kanawha,WV,4A,4,A
54041,Lewis,WV,5A,5,A
54043,Lincoln,WV,4A,4,A
54045,Logan,WV,4A,4,A
54049,Marion,WV,5A,5,A
54051,Marshall,WV,5A,5,A
54053,Mason,WV,4A,4,A
54047,McDowell,WV,4A,4,A
54055,Mercer,WV,4A,4,A
54057,Mineral,WV,5A,5,A
54059,Mingo,WV,4A,4,A
54061,Monongalia,WV,5A,5,A
54063,Monroe,WV,4A,4,A
54065,Morgan,WV,4A,4,A
54067,Nicholas,WV,5A,5,A
54069,Ohio,WV,5A,5,A
54071,Pendleton,WV,5A,5,A
54073,Pleasants,WV,4A,4,A
54075,Pocahontas,WV,5A,5,A
54077,Preston,WV,5A,5,A
54079,Putnam,WV,4A,4,A
54081,Raleigh,WV,5A,5,A
54083,Randolph,WV,5A,5,A
54085,Ritchie,WV,4A,4,A
54087,Roane,WV,4A,4,A
54089,Summers,WV,5A,5,A
54091,Taylor,WV,5A,5,A
54093,Tucker,WV,5A,5,A
54095,Tyler,WV,4A,4,A
54097,Upshur,WV,5A,5,A
54099,Wayne,WV,4A,4,A
54101,Webster,WV,5A,5,A
54103,Wetzel,WV,5A,5,A
54105,Wirt,WV,4A,4,A
54107,Wood,WV,4A,4,A
54109,Wyoming,WV,4A,4,A
56001,Albany,WY,6B,6,B
56003,Big Horn,WY,6B,6,B
56005,Campbell,WY,6B,6,B
56007,Carbon,WY,6B,6,B
56009,Converse,WY,6B,6,B
56011,Crook,WY,6B,6,B
56013,Fremont,WY,6B,6,B
56015,Goshen,WY,5B,5,B
56017,Hot Springs,WY,6B,6,B
56019,Johnson,WY,6B,6,B
56021,Laramie,WY,6B,6,B
56023,Lincoln,WY,7,7,
56025,Natrona,WY,6B,6,B
56027,Niobrara,WY,6B,6,B
56029,Park,WY,6B,6,B
56031,Platte,WY,5B,5,B
56033,Sheridan,WY,6B,6,B
56035,Sublette,WY,7,7,
56037,Sweetwater,WY,6B,6,B
56039,Teton,WY,7,7,
56041,Uinta,WY,6B,6,B
56043,Washakie,WY,6B,6,B
56045,Weston,WY,6B,6,B
